date,division,cpi_index
2017-07-01,Food and Non-Alcoholic Beverages,104.32344671160399
2017-08-01,Food and Non-Alcoholic Beverages,104.96487548601847
2017-09-01,Food and Non-Alcoholic Beverages,106.08768062751246
2017-10-01,Food and Non-Alcoholic Beverages,106.3809938207119
2017-11-01,Food and Non-Alcoholic Beverages,105.56630673493372
2017-12-01,Food and Non-Alcoholic Beverages,104.43688446512859
2018-01-01,Food and Non-Alcoholic Beverages,103.87855461970206
2018-02-01,Food and Non-Alcoholic Beverages,104.33655828638817
2018-03-01,Food and Non-Alcoholic Beverages,104.80635073936713
2018-04-01,Food and Non-Alcoholic Beverages,105.54774785793379
2018-05-01,Food and Non-Alcoholic Beverages,106.71149099973304
2018-06-01,Food and Non-Alcoholic Beverages,104.1417213900405
2018-07-01,Food and Non-Alcoholic Beverages,101.37881348276242
2018-08-01,Food and Non-Alcoholic Beverages,101.79020982426508
2018-09-01,Food and Non-Alcoholic Beverages,104.02309146986882
2018-10-01,Food and Non-Alcoholic Beverages,103.47595130523892
2018-11-01,Food and Non-Alcoholic Beverages,102.79748766775307
2018-12-01,Food and Non-Alcoholic Beverages,101.42298987229596
2019-01-01,Food and Non-Alcoholic Beverages,101.39324873659416
2019-02-01,Food and Non-Alcoholic Beverages,100.5764504066184
2019-03-01,Food and Non-Alcoholic Beverages,101.81507672265714
2019-04-01,Food and Non-Alcoholic Beverages,104.01344105342879
2019-05-01,Food and Non-Alcoholic Beverages,106.22248081016167
2019-06-01,Food and Non-Alcoholic Beverages,104.7625230351604
2019-07-01,Food and Non-Alcoholic Beverages,103.9253652149866
2019-08-01,Food and Non-Alcoholic Beverages,104.0808098094715
2019-09-01,Food and Non-Alcoholic Beverages,105.74196816707108
2019-10-01,Food and Non-Alcoholic Beverages,106.11030217905595
2019-11-01,Food and Non-Alcoholic Beverages,106.43211006932609
2019-12-01,Food and Non-Alcoholic Beverages,106.2328175012169
2020-01-01,Food and Non-Alcoholic Beverages,107.35074872383414
2020-02-01,Food and Non-Alcoholic Beverages,107.70850262492614
2020-03-01,Food and Non-Alcoholic Beverages,106.77313414796035
2020-04-01,Food and Non-Alcoholic Beverages,110.0366995160737
2020-05-01,Food and Non-Alcoholic Beverages,111.33402246226395
2020-06-01,Food and Non-Alcoholic Beverages,108.26264019882746
2020-07-01,Food and Non-Alcoholic Beverages,105.70596781210712
2020-08-01,Food and Non-Alcoholic Beverages,106.14760095570757
2020-09-01,Food and Non-Alcoholic Beverages,105.76739481626448
2020-10-01,Food and Non-Alcoholic Beverages,105.99595332528777
2020-11-01,Food and Non-Alcoholic Beverages,104.13897425721068
2020-12-01,Food and Non-Alcoholic Beverages,103.84033743304953
2021-01-01,Food and Non-Alcoholic Beverages,104.29416137378942
2021-02-01,Food and Non-Alcoholic Beverages,105.48472337522627
2021-03-01,Food and Non-Alcoholic Beverages,107.18699709295379
2021-04-01,Food and Non-Alcoholic Beverages,107.88571212160862
2021-05-01,Food and Non-Alcoholic Beverages,107.43329574397661
2021-06-01,Food and Non-Alcoholic Beverages,106.57980217072055
2021-07-01,Food and Non-Alcoholic Beverages,106.42933368582345
2021-08-01,Food and Non-Alcoholic Beverages,107.57013224969026
2021-09-01,Food and Non-Alcoholic Beverages,108.83448011318875
2021-10-01,Food and Non-Alcoholic Beverages,109.23219946189951
2021-11-01,Food and Non-Alcoholic Beverages,108.958744578791
2021-12-01,Food and Non-Alcoholic Beverages,109.34741255113059
2022-01-01,Food and Non-Alcoholic Beverages,109.82764893611228
2022-02-01,Food and Non-Alcoholic Beverages,110.27783480759287
2022-03-01,Food and Non-Alcoholic Beverages,111.85327587200268
2022-04-01,Food and Non-Alcoholic Beverages,115.28082480641726
2022-05-01,Food and Non-Alcoholic Beverages,119.27862469390165
2022-06-01,Food and Non-Alcoholic Beverages,120.47727269882107
2022-07-01,Food and Non-Alcoholic Beverages,122.31474186286131
2022-08-01,Food and Non-Alcoholic Beverages,124.46432511870658
2022-09-01,Food and Non-Alcoholic Beverages,128.87991529641386
2022-10-01,Food and Non-Alcoholic Beverages,133.47034236930034
2022-11-01,Food and Non-Alcoholic Beverages,133.70027125183987
2022-12-01,Food and Non-Alcoholic Beverages,134.49256106663157
2023-01-01,Food and Non-Alcoholic Beverages,134.9874513697648
2023-02-01,Food and Non-Alcoholic Beverages,133.34025804622596
2023-03-01,Food and Non-Alcoholic Beverages,135.2258558221503
2023-04-01,Food and Non-Alcoholic Beverages,136.5352602863915
2023-05-01,Food and Non-Alcoholic Beverages,135.37798063631948
2023-06-01,Food and Non-Alcoholic Beverages,133.68269982932128
2023-07-01,Food and Non-Alcoholic Beverages,132.080253537437
2023-08-01,Food and Non-Alcoholic Beverages,134.02286231683388
2023-09-01,Food and Non-Alcoholic Beverages,135.45446057299273
2023-10-01,Food and Non-Alcoholic Beverages,136.99801303598178
2023-11-01,Food and Non-Alcoholic Beverages,136.52368395550823
2023-12-01,Food and Non-Alcoholic Beverages,134.68140386590605
2024-01-01,Food and Non-Alcoholic Beverages,134.97345812158264
2024-02-01,Food and Non-Alcoholic Beverages,133.97124383153022
2024-03-01,Food and Non-Alcoholic Beverages,134.54540095645046
2024-04-01,Food and Non-Alcoholic Beverages,135.4348558846227
2024-05-01,Food and Non-Alcoholic Beverages,134.19320046966413
2024-06-01,Food and Non-Alcoholic Beverages,133.1567522953109
2024-07-01,Food and Non-Alcoholic Beverages,132.32253059130775
2024-08-01,Food and Non-Alcoholic Beverages,133.26345826060987
2024-09-01,Food and Non-Alcoholic Beverages,133.43955857872936
2024-10-01,Food and Non-Alcoholic Beverages,134.07044769979942
2024-11-01,Food and Non-Alcoholic Beverages,135.04398037046275
2024-12-01,Food and Non-Alcoholic Beverages,135.0045396984682
2025-01-01,Food and Non-Alcoholic Beverages,135.7791650276871
2025-02-01,Food and Non-Alcoholic Beverages,137.03687713838775
2025-03-01,Food and Non-Alcoholic Beverages,137.29758869534012
2025-04-01,Food and Non-Alcoholic Beverages,138.86828248941347
2025-05-01,Food and Non-Alcoholic Beverages,140.61858491042182
2025-06-01,Food and Non-Alcoholic Beverages,139.59921997051472
2025-07-01,Food and Non-Alcoholic Beverages,138.17977040819045
2025-08-01,Food and Non-Alcoholic Beverages,138.21604972007182
2025-09-01,Food and Non-Alcoholic Beverages,140.31401428453412
2025-10-01,Food and Non-Alcoholic Beverages,139.72855139874082
2025-11-01,Food and Non-Alcoholic Beverages,138.96147479964023
2025-12-01,Food and Non-Alcoholic Beverages,139.70095632467985
2026-01-01,Food and Non-Alcoholic Beverages,139.8699663492023
2026-02-01,Food and Non-Alcoholic Beverages,140.92716515262134
2026-03-01,Food and Non-Alcoholic Beverages,140.79944845503815
2026-04-01,Food and Non-Alcoholic Beverages,142.33349436215468
2026-05-01,Food and Non-Alcoholic Beverages,143.18286480812623
2026-06-01,Food and Non-Alcoholic Beverages,143.20326194928032
2026-07-01,Food and Non-Alcoholic Beverages,142.46575094415783
2026-08-01,Food and Non-Alcoholic Beverages,143.2080112230207
2017-07-01,"Alcoholic Beverages, Tobacco and Narcotics",99.71642479425054
2017-08-01,"Alcoholic Beverages, Tobacco and Narcotics",100.0105572356257
2017-09-01,"Alcoholic Beverages, Tobacco and Narcotics",101.23663455689574
2017-10-01,"Alcoholic Beverages, Tobacco and Narcotics",101.96519982206812
2017-11-01,"Alcoholic Beverages, Tobacco and Narcotics",102.02013772272944
2017-12-01,"Alcoholic Beverages, Tobacco and Narcotics",102.24868564497065
2018-01-01,"Alcoholic Beverages, Tobacco and Narcotics",102.46148669894606
2018-02-01,"Alcoholic Beverages, Tobacco and Narcotics",102.79739181374386
2018-03-01,"Alcoholic Beverages, Tobacco and Narcotics",102.41168106120972
2018-04-01,"Alcoholic Beverages, Tobacco and Narcotics",103.21322216312139
2018-05-01,"Alcoholic Beverages, Tobacco and Narcotics",103.85263401850229
2018-06-01,"Alcoholic Beverages, Tobacco and Narcotics",103.4317186415158
2018-07-01,"Alcoholic Beverages, Tobacco and Narcotics",103.78450004905015
2018-08-01,"Alcoholic Beverages, Tobacco and Narcotics",103.50314325144275
2018-09-01,"Alcoholic Beverages, Tobacco and Narcotics",103.59942000972282
2018-10-01,"Alcoholic Beverages, Tobacco and Narcotics",103.52452976993867
2018-11-01,"Alcoholic Beverages, Tobacco and Narcotics",103.80641566107369
2018-12-01,"Alcoholic Beverages, Tobacco and Narcotics",103.73463385364916
2019-01-01,"Alcoholic Beverages, Tobacco and Narcotics",104.04864369303209
2019-02-01,"Alcoholic Beverages, Tobacco and Narcotics",104.30537046149044
2019-03-01,"Alcoholic Beverages, Tobacco and Narcotics",104.84742008704693
2019-04-01,"Alcoholic Beverages, Tobacco and Narcotics",104.79488634916493
2019-05-01,"Alcoholic Beverages, Tobacco and Narcotics",104.70240498263134
2019-06-01,"Alcoholic Beverages, Tobacco and Narcotics",105.39718468221217
2019-07-01,"Alcoholic Beverages, Tobacco and Narcotics",104.93357573197116
2019-08-01,"Alcoholic Beverages, Tobacco and Narcotics",104.74969585027755
2019-09-01,"Alcoholic Beverages, Tobacco and Narcotics",105.02713700280061
2019-10-01,"Alcoholic Beverages, Tobacco and Narcotics",104.97229770921123
2019-11-01,"Alcoholic Beverages, Tobacco and Narcotics",105.40969563494818
2019-12-01,"Alcoholic Beverages, Tobacco and Narcotics",104.74495579760813
2020-01-01,"Alcoholic Beverages, Tobacco and Narcotics",104.9946120090639
2020-02-01,"Alcoholic Beverages, Tobacco and Narcotics",104.9434215067703
2020-03-01,"Alcoholic Beverages, Tobacco and Narcotics",105.01449257947425
2020-04-01,"Alcoholic Beverages, Tobacco and Narcotics",105.23012635704555
2020-05-01,"Alcoholic Beverages, Tobacco and Narcotics",105.58438118399222
2020-06-01,"Alcoholic Beverages, Tobacco and Narcotics",105.49715361757673
2020-07-01,"Alcoholic Beverages, Tobacco and Narcotics",105.7900425931943
2020-08-01,"Alcoholic Beverages, Tobacco and Narcotics",105.65655571667945
2020-09-01,"Alcoholic Beverages, Tobacco and Narcotics",105.98644797410216
2020-10-01,"Alcoholic Beverages, Tobacco and Narcotics",107.18920454838111
2020-11-01,"Alcoholic Beverages, Tobacco and Narcotics",107.57984211866535
2020-12-01,"Alcoholic Beverages, Tobacco and Narcotics",107.38550598260342
2021-01-01,"Alcoholic Beverages, Tobacco and Narcotics",107.2706061424233
2021-02-01,"Alcoholic Beverages, Tobacco and Narcotics",107.7434471417248
2021-03-01,"Alcoholic Beverages, Tobacco and Narcotics",107.39712091538343
2021-04-01,"Alcoholic Beverages, Tobacco and Narcotics",107.3559339775018
2021-05-01,"Alcoholic Beverages, Tobacco and Narcotics",107.52228097417289
2021-06-01,"Alcoholic Beverages, Tobacco and Narcotics",107.19352301979036
2021-07-01,"Alcoholic Beverages, Tobacco and Narcotics",107.19731435356294
2021-08-01,"Alcoholic Beverages, Tobacco and Narcotics",106.70679573300121
2021-09-01,"Alcoholic Beverages, Tobacco and Narcotics",106.9789009956514
2021-10-01,"Alcoholic Beverages, Tobacco and Narcotics",106.65155429492002
2021-11-01,"Alcoholic Beverages, Tobacco and Narcotics",107.20800957290018
2021-12-01,"Alcoholic Beverages, Tobacco and Narcotics",108.7167154802438
2022-01-01,"Alcoholic Beverages, Tobacco and Narcotics",108.53206302551106
2022-02-01,"Alcoholic Beverages, Tobacco and Narcotics",108.83624687491708
2022-03-01,"Alcoholic Beverages, Tobacco and Narcotics",108.61286300673167
2022-04-01,"Alcoholic Beverages, Tobacco and Narcotics",108.91429509966765
2022-05-01,"Alcoholic Beverages, Tobacco and Narcotics",109.95618674014855
2022-06-01,"Alcoholic Beverages, Tobacco and Narcotics",114.22894474907034
2022-07-01,"Alcoholic Beverages, Tobacco and Narcotics",114.28811339744836
2022-08-01,"Alcoholic Beverages, Tobacco and Narcotics",114.13166798239156
2022-09-01,"Alcoholic Beverages, Tobacco and Narcotics",115.26082650519626
2022-10-01,"Alcoholic Beverages, Tobacco and Narcotics",115.89179205969634
2022-11-01,"Alcoholic Beverages, Tobacco and Narcotics",116.55325773010716
2022-12-01,"Alcoholic Beverages, Tobacco and Narcotics",117.37457633336435
2023-01-01,"Alcoholic Beverages, Tobacco and Narcotics",117.66785041040157
2023-02-01,"Alcoholic Beverages, Tobacco and Narcotics",118.67900093932714
2023-03-01,"Alcoholic Beverages, Tobacco and Narcotics",118.52509435481282
2023-04-01,"Alcoholic Beverages, Tobacco and Narcotics",118.36036634366049
2023-05-01,"Alcoholic Beverages, Tobacco and Narcotics",117.99110693345168
2023-06-01,"Alcoholic Beverages, Tobacco and Narcotics",118.60192737092454
2023-07-01,"Alcoholic Beverages, Tobacco and Narcotics",118.6174780348151
2023-08-01,"Alcoholic Beverages, Tobacco and Narcotics",118.3967692907615
2023-09-01,"Alcoholic Beverages, Tobacco and Narcotics",119.89709306499483
2023-10-01,"Alcoholic Beverages, Tobacco and Narcotics",120.9044631948824
2023-11-01,"Alcoholic Beverages, Tobacco and Narcotics",121.32153883224692
2023-12-01,"Alcoholic Beverages, Tobacco and Narcotics",121.58294163181418
2024-01-01,"Alcoholic Beverages, Tobacco and Narcotics",121.66124010159128
2024-02-01,"Alcoholic Beverages, Tobacco and Narcotics",121.20531995453926
2024-03-01,"Alcoholic Beverages, Tobacco and Narcotics",122.68038192720086
2024-04-01,"Alcoholic Beverages, Tobacco and Narcotics",122.72025026524103
2024-05-01,"Alcoholic Beverages, Tobacco and Narcotics",122.89563206977873
2024-06-01,"Alcoholic Beverages, Tobacco and Narcotics",123.11021716414494
2024-07-01,"Alcoholic Beverages, Tobacco and Narcotics",123.02007979172977
2024-08-01,"Alcoholic Beverages, Tobacco and Narcotics",123.20908056915697
2024-09-01,"Alcoholic Beverages, Tobacco and Narcotics",123.40653674166232
2024-10-01,"Alcoholic Beverages, Tobacco and Narcotics",123.60291275528309
2024-11-01,"Alcoholic Beverages, Tobacco and Narcotics",123.71632330253271
2024-12-01,"Alcoholic Beverages, Tobacco and Narcotics",123.9356245304401
2025-01-01,"Alcoholic Beverages, Tobacco and Narcotics",124.82097060471507
2025-02-01,"Alcoholic Beverages, Tobacco and Narcotics",125.27125078968555
2025-03-01,"Alcoholic Beverages, Tobacco and Narcotics",125.53473232530543
2025-04-01,"Alcoholic Beverages, Tobacco and Narcotics",125.72366478905342
2025-05-01,"Alcoholic Beverages, Tobacco and Narcotics",124.93419100103044
2025-06-01,"Alcoholic Beverages, Tobacco and Narcotics",125.3455325107099
2025-07-01,"Alcoholic Beverages, Tobacco and Narcotics",125.35227025898192
2025-08-01,"Alcoholic Beverages, Tobacco and Narcotics",124.67803617956629
2025-09-01,"Alcoholic Beverages, Tobacco and Narcotics",125.10067899259826
2025-10-01,"Alcoholic Beverages, Tobacco and Narcotics",125.04021938475799
2025-11-01,"Alcoholic Beverages, Tobacco and Narcotics",125.71603045104106
2025-12-01,"Alcoholic Beverages, Tobacco and Narcotics",125.97626248588087
2026-01-01,"Alcoholic Beverages, Tobacco and Narcotics",126.10848032427252
2026-02-01,"Alcoholic Beverages, Tobacco and Narcotics",126.09051453729673
2026-03-01,"Alcoholic Beverages, Tobacco and Narcotics",126.24288810604303
2026-04-01,"Alcoholic Beverages, Tobacco and Narcotics",126.2867965122029
2026-05-01,"Alcoholic Beverages, Tobacco and Narcotics",126.0374170784828
2026-06-01,"Alcoholic Beverages, Tobacco and Narcotics",126.09112599769446
2026-07-01,"Alcoholic Beverages, Tobacco and Narcotics",126.59283972081299
2026-08-01,"Alcoholic Beverages, Tobacco and Narcotics",126.8405215624213
2017-07-01,Clothing and Footwear,101.52813207961785
2017-08-01,Clothing and Footwear,101.71058091215589
2017-09-01,Clothing and Footwear,100.91828311712854
2017-10-01,Clothing and Footwear,101.53985217957809
2017-11-01,Clothing and Footwear,101.76907214562198
2017-12-01,Clothing and Footwear,103.05122958794057
2018-01-01,Clothing and Footwear,102.69083139684929
2018-02-01,Clothing and Footwear,104.11262724644945
2018-03-01,Clothing and Footwear,103.98438294769458
2018-04-01,Clothing and Footwear,104.31736920733046
2018-05-01,Clothing and Footwear,105.3018135370881
2018-06-01,Clothing and Footwear,105.64466641872616
2018-07-01,Clothing and Footwear,106.1061171435274
2018-08-01,Clothing and Footwear,107.05087749932356
2018-09-01,Clothing and Footwear,107.86669262101407
2018-10-01,Clothing and Footwear,107.82298552619058
2018-11-01,Clothing and Footwear,107.52429333937735
2018-12-01,Clothing and Footwear,108.30222818370423
2019-01-01,Clothing and Footwear,109.38243968716864
2019-02-01,Clothing and Footwear,108.75177604155775
2019-03-01,Clothing and Footwear,109.70364257473041
2019-04-01,Clothing and Footwear,109.63081945271071
2019-05-01,Clothing and Footwear,110.04511613703225
2019-06-01,Clothing and Footwear,110.99907077777512
2019-07-01,Clothing and Footwear,111.54385251962081
2019-08-01,Clothing and Footwear,111.50074742964706
2019-09-01,Clothing and Footwear,111.98454199677515
2019-10-01,Clothing and Footwear,112.14525337262015
2019-11-01,Clothing and Footwear,112.54279356733593
2019-12-01,Clothing and Footwear,112.76807612577404
2020-01-01,Clothing and Footwear,112.34727284634292
2020-02-01,Clothing and Footwear,112.83515208895734
2020-03-01,Clothing and Footwear,113.08180559796406
2020-04-01,Clothing and Footwear,113.17045251575968
2020-05-01,Clothing and Footwear,113.18281917820735
2020-06-01,Clothing and Footwear,113.40737193205368
2020-07-01,Clothing and Footwear,113.27539991632639
2020-08-01,Clothing and Footwear,113.33428708816669
2020-09-01,Clothing and Footwear,114.29293166642518
2020-10-01,Clothing and Footwear,113.48480776819193
2020-11-01,Clothing and Footwear,113.32273964176639
2020-12-01,Clothing and Footwear,115.11528428471496
2021-01-01,Clothing and Footwear,114.83458517677528
2021-02-01,Clothing and Footwear,114.59651762962581
2021-03-01,Clothing and Footwear,114.22302339657742
2021-04-01,Clothing and Footwear,114.62435249902421
2021-05-01,Clothing and Footwear,114.63772489366966
2021-06-01,Clothing and Footwear,114.69569914925552
2021-07-01,Clothing and Footwear,114.67415188846522
2021-08-01,Clothing and Footwear,114.91789311628226
2021-09-01,Clothing and Footwear,115.39421093423238
2021-10-01,Clothing and Footwear,115.94856206717455
2021-11-01,Clothing and Footwear,115.49047736737951
2021-12-01,Clothing and Footwear,116.02559940263072
2022-01-01,Clothing and Footwear,116.74596555263663
2022-02-01,Clothing and Footwear,117.4750263623231
2022-03-01,Clothing and Footwear,117.88068138413897
2022-04-01,Clothing and Footwear,117.90370509555854
2022-05-01,Clothing and Footwear,118.14081466549506
2022-06-01,Clothing and Footwear,118.61549752407659
2022-07-01,Clothing and Footwear,118.5497900971704
2022-08-01,Clothing and Footwear,118.79325304144628
2022-09-01,Clothing and Footwear,119.28445901429579
2022-10-01,Clothing and Footwear,119.78776709905641
2022-11-01,Clothing and Footwear,120.8755561212193
2022-12-01,Clothing and Footwear,121.39299074817914
2023-01-01,Clothing and Footwear,121.09088570587492
2023-02-01,Clothing and Footwear,121.8075301242762
2023-03-01,Clothing and Footwear,122.20145426541396
2023-04-01,Clothing and Footwear,122.060890574901
2023-05-01,Clothing and Footwear,122.34387236009194
2023-06-01,Clothing and Footwear,122.2849431547724
2023-07-01,Clothing and Footwear,122.55581251722371
2023-08-01,Clothing and Footwear,122.09752984573834
2023-09-01,Clothing and Footwear,122.63089599673856
2023-10-01,Clothing and Footwear,122.66699101095061
2023-11-01,Clothing and Footwear,123.98785305918348
2023-12-01,Clothing and Footwear,124.89284670891698
2024-01-01,Clothing and Footwear,124.99838984105608
2024-02-01,Clothing and Footwear,125.39886901777147
2024-03-01,Clothing and Footwear,126.05070899450756
2024-04-01,Clothing and Footwear,126.7455551571027
2024-05-01,Clothing and Footwear,127.48609162677482
2024-06-01,Clothing and Footwear,128.05610117086866
2024-07-01,Clothing and Footwear,128.18973657012245
2024-08-01,Clothing and Footwear,128.83217104699625
2024-09-01,Clothing and Footwear,129.30558955107122
2024-10-01,Clothing and Footwear,129.15120277310433
2024-11-01,Clothing and Footwear,129.02868173319996
2024-12-01,Clothing and Footwear,129.45331102873268
2025-01-01,Clothing and Footwear,130.62399577608141
2025-02-01,Clothing and Footwear,130.81609037555043
2025-03-01,Clothing and Footwear,130.96959864794104
2025-04-01,Clothing and Footwear,131.56540636238034
2025-05-01,Clothing and Footwear,131.68404987751813
2025-06-01,Clothing and Footwear,132.1503400697091
2025-07-01,Clothing and Footwear,132.08542953055897
2025-08-01,Clothing and Footwear,132.3396749287337
2025-09-01,Clothing and Footwear,132.14489678988485
2025-10-01,Clothing and Footwear,132.44971518796027
2025-11-01,Clothing and Footwear,132.55922850945797
2025-12-01,Clothing and Footwear,132.79880783526187
2026-01-01,Clothing and Footwear,132.94979544362502
2026-02-01,Clothing and Footwear,133.33940688417516
2026-03-01,Clothing and Footwear,133.45479808220645
2026-04-01,Clothing and Footwear,133.47481378959918
2026-05-01,Clothing and Footwear,133.3762516934799
2026-06-01,Clothing and Footwear,133.76334126617803
2026-07-01,Clothing and Footwear,133.83558951338657
2026-08-01,Clothing and Footwear,133.8276510971112
2017-07-01,"Housing, Water, Electricity, Gas and Other Fuels",102.20301791482855
2017-08-01,"Housing, Water, Electricity, Gas and Other Fuels",101.59763103340448
2017-09-01,"Housing, Water, Electricity, Gas and Other Fuels",102.8024782264284
2017-10-01,"Housing, Water, Electricity, Gas and Other Fuels",103.35611883517461
2017-11-01,"Housing, Water, Electricity, Gas and Other Fuels",102.86303654541224
2017-12-01,"Housing, Water, Electricity, Gas and Other Fuels",103.39404417982928
2018-01-01,"Housing, Water, Electricity, Gas and Other Fuels",104.18801943168009
2018-02-01,"Housing, Water, Electricity, Gas and Other Fuels",104.58443845785028
2018-03-01,"Housing, Water, Electricity, Gas and Other Fuels",104.32745720832986
2018-04-01,"Housing, Water, Electricity, Gas and Other Fuels",105.43734332685528
2018-05-01,"Housing, Water, Electricity, Gas and Other Fuels",106.88118160013569
2018-06-01,"Housing, Water, Electricity, Gas and Other Fuels",108.59682406779557
2018-07-01,"Housing, Water, Electricity, Gas and Other Fuels",109.92029597816494
2018-08-01,"Housing, Water, Electricity, Gas and Other Fuels",108.90016419063144
2018-09-01,"Housing, Water, Electricity, Gas and Other Fuels",109.60816773371339
2018-10-01,"Housing, Water, Electricity, Gas and Other Fuels",109.17135148211852
2018-11-01,"Housing, Water, Electricity, Gas and Other Fuels",109.1929377780457
2018-12-01,"Housing, Water, Electricity, Gas and Other Fuels",108.62295243917708
2019-01-01,"Housing, Water, Electricity, Gas and Other Fuels",109.26373891612927
2019-02-01,"Housing, Water, Electricity, Gas and Other Fuels",109.17898588520096
2019-03-01,"Housing, Water, Electricity, Gas and Other Fuels",108.92312888472492
2019-04-01,"Housing, Water, Electricity, Gas and Other Fuels",109.03339886163721
2019-05-01,"Housing, Water, Electricity, Gas and Other Fuels",108.8713235700645
2019-06-01,"Housing, Water, Electricity, Gas and Other Fuels",107.52399834091227
2019-07-01,"Housing, Water, Electricity, Gas and Other Fuels",108.61578131431162
2019-08-01,"Housing, Water, Electricity, Gas and Other Fuels",109.2759063927768
2019-09-01,"Housing, Water, Electricity, Gas and Other Fuels",110.83224716728053
2019-10-01,"Housing, Water, Electricity, Gas and Other Fuels",112.49840672881959
2019-11-01,"Housing, Water, Electricity, Gas and Other Fuels",111.86516478017414
2019-12-01,"Housing, Water, Electricity, Gas and Other Fuels",112.10059320469118
2020-01-01,"Housing, Water, Electricity, Gas and Other Fuels",112.2990346443215
2020-02-01,"Housing, Water, Electricity, Gas and Other Fuels",112.17237188282247
2020-03-01,"Housing, Water, Electricity, Gas and Other Fuels",112.17876814497703
2020-04-01,"Housing, Water, Electricity, Gas and Other Fuels",112.40986936199306
2020-05-01,"Housing, Water, Electricity, Gas and Other Fuels",112.6662169049767
2020-06-01,"Housing, Water, Electricity, Gas and Other Fuels",112.99626557658232
2020-07-01,"Housing, Water, Electricity, Gas and Other Fuels",112.32887956713876
2020-08-01,"Housing, Water, Electricity, Gas and Other Fuels",111.9258360470977
2020-09-01,"Housing, Water, Electricity, Gas and Other Fuels",112.07918599524139
2020-10-01,"Housing, Water, Electricity, Gas and Other Fuels",113.10377834867354
2020-11-01,"Housing, Water, Electricity, Gas and Other Fuels",112.26148181146561
2020-12-01,"Housing, Water, Electricity, Gas and Other Fuels",111.28912121563545
2021-01-01,"Housing, Water, Electricity, Gas and Other Fuels",111.04283726682672
2021-02-01,"Housing, Water, Electricity, Gas and Other Fuels",111.61324258798851
2021-03-01,"Housing, Water, Electricity, Gas and Other Fuels",111.24639281665243
2021-04-01,"Housing, Water, Electricity, Gas and Other Fuels",110.77991662060573
2021-05-01,"Housing, Water, Electricity, Gas and Other Fuels",110.69979286296604
2021-06-01,"Housing, Water, Electricity, Gas and Other Fuels",111.344997607773
2021-07-01,"Housing, Water, Electricity, Gas and Other Fuels",111.31787896303472
2021-08-01,"Housing, Water, Electricity, Gas and Other Fuels",111.12619717286249
2021-09-01,"Housing, Water, Electricity, Gas and Other Fuels",111.55950454959802
2021-10-01,"Housing, Water, Electricity, Gas and Other Fuels",112.12025292134918
2021-11-01,"Housing, Water, Electricity, Gas and Other Fuels",112.39914534837399
2021-12-01,"Housing, Water, Electricity, Gas and Other Fuels",111.82115641221625
2022-01-01,"Housing, Water, Electricity, Gas and Other Fuels",112.21110897642653
2022-02-01,"Housing, Water, Electricity, Gas and Other Fuels",112.86528683474185
2022-03-01,"Housing, Water, Electricity, Gas and Other Fuels",113.39433204924484
2022-04-01,"Housing, Water, Electricity, Gas and Other Fuels",115.81000201569503
2022-05-01,"Housing, Water, Electricity, Gas and Other Fuels",115.62045628742068
2022-06-01,"Housing, Water, Electricity, Gas and Other Fuels",116.7674840108911
2022-07-01,"Housing, Water, Electricity, Gas and Other Fuels",117.08254540600164
2022-08-01,"Housing, Water, Electricity, Gas and Other Fuels",118.04083849075677
2022-09-01,"Housing, Water, Electricity, Gas and Other Fuels",118.39145459822265
2022-10-01,"Housing, Water, Electricity, Gas and Other Fuels",117.74014791105716
2022-11-01,"Housing, Water, Electricity, Gas and Other Fuels",117.85840195436417
2022-12-01,"Housing, Water, Electricity, Gas and Other Fuels",117.39954032960269
2023-01-01,"Housing, Water, Electricity, Gas and Other Fuels",118.40807934563969
2023-02-01,"Housing, Water, Electricity, Gas and Other Fuels",118.493047076307
2023-03-01,"Housing, Water, Electricity, Gas and Other Fuels",118.29858601674273
2023-04-01,"Housing, Water, Electricity, Gas and Other Fuels",118.33463176594314
2023-05-01,"Housing, Water, Electricity, Gas and Other Fuels",118.18608890333805
2023-06-01,"Housing, Water, Electricity, Gas and Other Fuels",117.70608196507625
2023-07-01,"Housing, Water, Electricity, Gas and Other Fuels",120.89451039131892
2023-08-01,"Housing, Water, Electricity, Gas and Other Fuels",122.02349056913054
2023-09-01,"Housing, Water, Electricity, Gas and Other Fuels",121.93825469438647
2023-10-01,"Housing, Water, Electricity, Gas and Other Fuels",122.36517178501907
2023-11-01,"Housing, Water, Electricity, Gas and Other Fuels",122.14901973217786
2023-12-01,"Housing, Water, Electricity, Gas and Other Fuels",122.85594189932304
2024-01-01,"Housing, Water, Electricity, Gas and Other Fuels",123.51205943607452
2024-02-01,"Housing, Water, Electricity, Gas and Other Fuels",123.72903570004313
2024-03-01,"Housing, Water, Electricity, Gas and Other Fuels",123.66043868553287
2024-04-01,"Housing, Water, Electricity, Gas and Other Fuels",123.9953372877664
2024-05-01,"Housing, Water, Electricity, Gas and Other Fuels",124.9951121618157
2024-06-01,"Housing, Water, Electricity, Gas and Other Fuels",125.00380154926737
2024-07-01,"Housing, Water, Electricity, Gas and Other Fuels",125.52001210427626
2024-08-01,"Housing, Water, Electricity, Gas and Other Fuels",125.7235978566396
2024-09-01,"Housing, Water, Electricity, Gas and Other Fuels",126.98146515240164
2024-10-01,"Housing, Water, Electricity, Gas and Other Fuels",127.473583077213
2024-11-01,"Housing, Water, Electricity, Gas and Other Fuels",127.17460880785964
2024-12-01,"Housing, Water, Electricity, Gas and Other Fuels",127.08250527403862
2025-01-01,"Housing, Water, Electricity, Gas and Other Fuels",126.92614523374593
2025-02-01,"Housing, Water, Electricity, Gas and Other Fuels",126.6546876711823
2025-03-01,"Housing, Water, Electricity, Gas and Other Fuels",126.40701153432578
2025-04-01,"Housing, Water, Electricity, Gas and Other Fuels",128.2072607065106
2025-05-01,"Housing, Water, Electricity, Gas and Other Fuels",128.01164871052026
2025-06-01,"Housing, Water, Electricity, Gas and Other Fuels",128.62442837162578
2025-07-01,"Housing, Water, Electricity, Gas and Other Fuels",128.97837040498447
2025-08-01,"Housing, Water, Electricity, Gas and Other Fuels",129.55804855378503
2025-09-01,"Housing, Water, Electricity, Gas and Other Fuels",129.84984341022263
2025-10-01,"Housing, Water, Electricity, Gas and Other Fuels",130.0663911723993
2025-11-01,"Housing, Water, Electricity, Gas and Other Fuels",129.90900578461662
2025-12-01,"Housing, Water, Electricity, Gas and Other Fuels",130.27025849582702
2026-01-01,"Housing, Water, Electricity, Gas and Other Fuels",130.7978514509353
2026-02-01,"Housing, Water, Electricity, Gas and Other Fuels",131.5874662852809
2026-03-01,"Housing, Water, Electricity, Gas and Other Fuels",132.2779040624364
2026-04-01,"Housing, Water, Electricity, Gas and Other Fuels",133.01766645291423
2026-05-01,"Housing, Water, Electricity, Gas and Other Fuels",133.82403326120533
2026-06-01,"Housing, Water, Electricity, Gas and Other Fuels",134.8926052323661
2026-07-01,"Housing, Water, Electricity, Gas and Other Fuels",137.60807138727992
2026-08-01,"Housing, Water, Electricity, Gas and Other Fuels",137.83483695550703
2017-07-01,"Furnishings, Household Equipment and Routine Household",101.77644930398634
2017-08-01,"Furnishings, Household Equipment and Routine Household",101.87886613263167
2017-09-01,"Furnishings, Household Equipment and Routine Household",102.46955280306493
2017-10-01,"Furnishings, Household Equipment and Routine Household",103.16426080883288
2017-11-01,"Furnishings, Household Equipment and Routine Household",103.66850658255086
2017-12-01,"Furnishings, Household Equipment and Routine Household",103.68023965010966
2018-01-01,"Furnishings, Household Equipment and Routine Household",103.72597925905721
2018-02-01,"Furnishings, Household Equipment and Routine Household",104.3178320981394
2018-03-01,"Furnishings, Household Equipment and Routine Household",104.40732475095905
2018-04-01,"Furnishings, Household Equipment and Routine Household",104.40275480554926
2018-05-01,"Furnishings, Household Equipment and Routine Household",105.63837817041183
2018-06-01,"Furnishings, Household Equipment and Routine Household",105.8004801121961
2018-07-01,"Furnishings, Household Equipment and Routine Household",105.51157472583903
2018-08-01,"Furnishings, Household Equipment and Routine Household",105.34925925658641
2018-09-01,"Furnishings, Household Equipment and Routine Household",106.13953898229589
2018-10-01,"Furnishings, Household Equipment and Routine Household",105.83069588992733
2018-11-01,"Furnishings, Household Equipment and Routine Household",106.08817833745468
2018-12-01,"Furnishings, Household Equipment and Routine Household",106.39596362420636
2019-01-01,"Furnishings, Household Equipment and Routine Household",106.50878599030297
2019-02-01,"Furnishings, Household Equipment and Routine Household",105.70483886754167
2019-03-01,"Furnishings, Household Equipment and Routine Household",106.22100180709968
2019-04-01,"Furnishings, Household Equipment and Routine Household",106.16332499360875
2019-05-01,"Furnishings, Household Equipment and Routine Household",105.632636474588
2019-06-01,"Furnishings, Household Equipment and Routine Household",106.64183722459441
2019-07-01,"Furnishings, Household Equipment and Routine Household",106.66288370090832
2019-08-01,"Furnishings, Household Equipment and Routine Household",107.28134900888917
2019-09-01,"Furnishings, Household Equipment and Routine Household",107.55981365128675
2019-10-01,"Furnishings, Household Equipment and Routine Household",107.67193043976583
2019-11-01,"Furnishings, Household Equipment and Routine Household",107.06489480691867
2019-12-01,"Furnishings, Household Equipment and Routine Household",107.44269840852175
2020-01-01,"Furnishings, Household Equipment and Routine Household",107.17992595595778
2020-02-01,"Furnishings, Household Equipment and Routine Household",107.68364870948507
2020-03-01,"Furnishings, Household Equipment and Routine Household",108.10936953769946
2020-04-01,"Furnishings, Household Equipment and Routine Household",108.44339843351722
2020-05-01,"Furnishings, Household Equipment and Routine Household",108.96080211373123
2020-06-01,"Furnishings, Household Equipment and Routine Household",108.92172113888839
2020-07-01,"Furnishings, Household Equipment and Routine Household",108.81614479143552
2020-08-01,"Furnishings, Household Equipment and Routine Household",108.98846033872492
2020-09-01,"Furnishings, Household Equipment and Routine Household",108.54026224129032
2020-10-01,"Furnishings, Household Equipment and Routine Household",108.7487707118713
2020-11-01,"Furnishings, Household Equipment and Routine Household",108.36790025775171
2020-12-01,"Furnishings, Household Equipment and Routine Household",108.73183306018296
2021-01-01,"Furnishings, Household Equipment and Routine Household",108.47149235683624
2021-02-01,"Furnishings, Household Equipment and Routine Household",108.64255490768885
2021-03-01,"Furnishings, Household Equipment and Routine Household",108.5669186522366
2021-04-01,"Furnishings, Household Equipment and Routine Household",108.96989181723823
2021-05-01,"Furnishings, Household Equipment and Routine Household",109.43731472682221
2021-06-01,"Furnishings, Household Equipment and Routine Household",109.83504353404818
2021-07-01,"Furnishings, Household Equipment and Routine Household",110.11480117814932
2021-08-01,"Furnishings, Household Equipment and Routine Household",110.86014938014216
2021-09-01,"Furnishings, Household Equipment and Routine Household",111.78259872023128
2021-10-01,"Furnishings, Household Equipment and Routine Household",112.98620177099501
2021-11-01,"Furnishings, Household Equipment and Routine Household",113.42580977999881
2021-12-01,"Furnishings, Household Equipment and Routine Household",114.13215494834628
2022-01-01,"Furnishings, Household Equipment and Routine Household",114.78665378163025
2022-02-01,"Furnishings, Household Equipment and Routine Household",119.02166747926503
2022-03-01,"Furnishings, Household Equipment and Routine Household",123.53865842011591
2022-04-01,"Furnishings, Household Equipment and Routine Household",126.97809744051554
2022-05-01,"Furnishings, Household Equipment and Routine Household",128.3516572770213
2022-06-01,"Furnishings, Household Equipment and Routine Household",128.18588396839536
2022-07-01,"Furnishings, Household Equipment and Routine Household",128.99918593575927
2022-08-01,"Furnishings, Household Equipment and Routine Household",128.81036540876536
2022-09-01,"Furnishings, Household Equipment and Routine Household",129.85495585857473
2022-10-01,"Furnishings, Household Equipment and Routine Household",130.07762196759833
2022-11-01,"Furnishings, Household Equipment and Routine Household",130.5839399000715
2022-12-01,"Furnishings, Household Equipment and Routine Household",130.46420836534554
2023-01-01,"Furnishings, Household Equipment and Routine Household",130.12761947874728
2023-02-01,"Furnishings, Household Equipment and Routine Household",129.78387169349563
2023-03-01,"Furnishings, Household Equipment and Routine Household",130.25360736886094
2023-04-01,"Furnishings, Household Equipment and Routine Household",130.57045179643555
2023-05-01,"Furnishings, Household Equipment and Routine Household",131.10237542350816
2023-06-01,"Furnishings, Household Equipment and Routine Household",130.61057496450528
2023-07-01,"Furnishings, Household Equipment and Routine Household",131.21128290388097
2023-08-01,"Furnishings, Household Equipment and Routine Household",131.89444816668146
2023-09-01,"Furnishings, Household Equipment and Routine Household",133.06836342352454
2023-10-01,"Furnishings, Household Equipment and Routine Household",132.66570703071375
2023-11-01,"Furnishings, Household Equipment and Routine Household",132.8114462832503
2023-12-01,"Furnishings, Household Equipment and Routine Household",132.96093573452723
2024-01-01,"Furnishings, Household Equipment and Routine Household",133.61858701041518
2024-02-01,"Furnishings, Household Equipment and Routine Household",133.86076308845685
2024-03-01,"Furnishings, Household Equipment and Routine Household",133.95282725553545
2024-04-01,"Furnishings, Household Equipment and Routine Household",134.40353049692334
2024-05-01,"Furnishings, Household Equipment and Routine Household",135.3734804538311
2024-06-01,"Furnishings, Household Equipment and Routine Household",136.42642536670272
2024-07-01,"Furnishings, Household Equipment and Routine Household",136.58320847867557
2024-08-01,"Furnishings, Household Equipment and Routine Household",136.52842343441299
2024-09-01,"Furnishings, Household Equipment and Routine Household",136.71231365235502
2024-10-01,"Furnishings, Household Equipment and Routine Household",137.38540181622383
2024-11-01,"Furnishings, Household Equipment and Routine Household",137.01065057684113
2024-12-01,"Furnishings, Household Equipment and Routine Household",137.3125190338886
2025-01-01,"Furnishings, Household Equipment and Routine Household",138.64297301245355
2025-02-01,"Furnishings, Household Equipment and Routine Household",138.8377476472605
2025-03-01,"Furnishings, Household Equipment and Routine Household",139.16768111685576
2025-04-01,"Furnishings, Household Equipment and Routine Household",138.88732900965456
2025-05-01,"Furnishings, Household Equipment and Routine Household",139.08317256916735
2025-06-01,"Furnishings, Household Equipment and Routine Household",138.95026988784676
2025-07-01,"Furnishings, Household Equipment and Routine Household",139.17477681814862
2025-08-01,"Furnishings, Household Equipment and Routine Household",139.44678305660145
2025-09-01,"Furnishings, Household Equipment and Routine Household",139.27833782545525
2025-10-01,"Furnishings, Household Equipment and Routine Household",139.4646255518423
2025-11-01,"Furnishings, Household Equipment and Routine Household",139.87005849781707
2025-12-01,"Furnishings, Household Equipment and Routine Household",140.09447254438066
2026-01-01,"Furnishings, Household Equipment and Routine Household",140.36231972371593
2026-02-01,"Furnishings, Household Equipment and Routine Household",140.5428334360509
2026-03-01,"Furnishings, Household Equipment and Routine Household",140.62090635145756
2026-04-01,"Furnishings, Household Equipment and Routine Household",141.39992703425276
2026-05-01,"Furnishings, Household Equipment and Routine Household",141.84917014101478
2026-06-01,"Furnishings, Household Equipment and Routine Household",142.54883758912553
2026-07-01,"Furnishings, Household Equipment and Routine Household",143.2683081686525
2026-08-01,"Furnishings, Household Equipment and Routine Household",143.25493538882347
2017-07-01,Health,100.201513496284
2017-08-01,Health,100.2972874436749
2017-09-01,Health,101.65963433615035
2017-10-01,Health,101.7296206404693
2017-11-01,Health,101.84990892164502
2017-12-01,Health,102.54342763393866
2018-01-01,Health,102.64933850697267
2018-02-01,Health,102.98512115995287
2018-03-01,Health,103.02446473219258
2018-04-01,Health,103.47894847036606
2018-05-01,Health,103.55413785193153
2018-06-01,Health,104.23429103647545
2018-07-01,Health,104.38650039812991
2018-08-01,Health,104.82942102282182
2018-09-01,Health,104.92348779812916
2018-10-01,Health,105.00285984999653
2018-11-01,Health,104.99753634275675
2018-12-01,Health,105.07424369221732
2019-01-01,Health,105.20219635477804
2019-02-01,Health,105.00983378085826
2019-03-01,Health,105.33494222221053
2019-04-01,Health,104.95093925770264
2019-05-01,Health,105.10223445540191
2019-06-01,Health,105.22105287505352
2019-07-01,Health,105.95293180862207
2019-08-01,Health,107.5155260468329
2019-09-01,Health,107.71258592283824
2019-10-01,Health,107.84933662685299
2019-11-01,Health,108.16369269395022
2019-12-01,Health,108.69818674144076
2020-01-01,Health,108.89981030507309
2020-02-01,Health,109.66339775632474
2020-03-01,Health,109.61500193990464
2020-04-01,Health,109.7860971905004
2020-05-01,Health,109.98096230411849
2020-06-01,Health,110.37031290280213
2020-07-01,Health,110.71413233080233
2020-08-01,Health,110.7203924740151
2020-09-01,Health,111.01326701202086
2020-10-01,Health,111.0295492367764
2020-11-01,Health,111.8382586346703
2020-12-01,Health,111.86068067857369
2021-01-01,Health,111.85806619830207
2021-02-01,Health,116.14287011155491
2021-03-01,Health,115.51843351607363
2021-04-01,Health,115.86252045272063
2021-05-01,Health,115.90045330711669
2021-06-01,Health,115.93109705098664
2021-07-01,Health,116.2777958411545
2021-08-01,Health,116.34576435339808
2021-09-01,Health,117.12110184171483
2021-10-01,Health,117.09971462330017
2021-11-01,Health,118.07572092640662
2021-12-01,Health,117.93427197945188
2022-01-01,Health,118.36723652592421
2022-02-01,Health,118.70136248275621
2022-03-01,Health,117.95648655624738
2022-04-01,Health,118.08773232210456
2022-05-01,Health,118.37377279693467
2022-06-01,Health,118.33728307732548
2022-07-01,Health,119.5889199915925
2022-08-01,Health,120.13405645174231
2022-09-01,Health,120.63429977550862
2022-10-01,Health,120.65284410807674
2022-11-01,Health,120.49645792562877
2022-12-01,Health,120.56108499249848
2023-01-01,Health,120.47971645625564
2023-02-01,Health,120.58477288154585
2023-03-01,Health,120.04948806160293
2023-04-01,Health,120.20722931816147
2023-05-01,Health,121.64589234418428
2023-06-01,Health,121.80078565913412
2023-07-01,Health,122.61086715888291
2023-08-01,Health,122.77115116183779
2023-09-01,Health,122.82731566387957
2023-10-01,Health,123.13444967709461
2023-11-01,Health,125.77199287397117
2023-12-01,Health,125.98379112718894
2024-01-01,Health,126.75165675805816
2024-02-01,Health,127.37731788847685
2024-03-01,Health,128.13296540589312
2024-04-01,Health,128.82326291890317
2024-05-01,Health,130.8023222444464
2024-06-01,Health,131.4626308673252
2024-07-01,Health,131.47237192218248
2024-08-01,Health,131.6755329732291
2024-09-01,Health,132.570096358129
2024-10-01,Health,132.7504706691901
2024-11-01,Health,133.20251155183732
2024-12-01,Health,133.28567403232427
2025-01-01,Health,133.95131659641828
2025-02-01,Health,135.33151012015696
2025-03-01,Health,135.81971535818084
2025-04-01,Health,136.20481776688433
2025-05-01,Health,136.54368150868703
2025-06-01,Health,137.46579275644626
2025-07-01,Health,137.8071794766716
2025-08-01,Health,138.10694425137183
2025-09-01,Health,138.08173734071153
2025-10-01,Health,138.08594019216866
2025-11-01,Health,138.2780841478594
2025-12-01,Health,138.9696567239106
2026-01-01,Health,138.976226714821
2026-02-01,Health,139.05706006627116
2026-03-01,Health,139.46900277991017
2026-04-01,Health,139.27370854163107
2026-05-01,Health,139.4253669533221
2026-06-01,Health,139.87429722104122
2026-07-01,Health,140.0368293182228
2026-08-01,Health,140.12081622776654
2017-07-01,Transport,101.7709307363839
2017-08-01,Transport,102.48538189065005
2017-09-01,Transport,104.47102343549768
2017-10-01,Transport,104.1664237118914
2017-11-01,Transport,103.93103106570186
2017-12-01,Transport,106.35788290465513
2018-01-01,Transport,105.56925637156206
2018-02-01,Transport,106.79583819205295
2018-03-01,Transport,108.26486171846926
2018-04-01,Transport,108.8852912506356
2018-05-01,Transport,108.44359189150458
2018-06-01,Transport,108.78362471383053
2018-07-01,Transport,112.20132462522689
2018-08-01,Transport,114.36168587071283
2018-09-01,Transport,113.50445622511059
2018-10-01,Transport,113.85140428925462
2018-11-01,Transport,115.03053929737317
2018-12-01,Transport,116.46802043518728
2019-01-01,Transport,115.12139583869666
2019-02-01,Transport,115.78508432581101
2019-03-01,Transport,118.33354760170594
2019-04-01,Transport,118.46494329514937
2019-05-01,Transport,118.38107067948175
2019-06-01,Transport,117.88059290661812
2019-07-01,Transport,118.54638659820269
2019-08-01,Transport,118.78949973592566
2019-09-01,Transport,118.10318933651524
2019-10-01,Transport,117.53964027058876
2019-11-01,Transport,117.77952594915983
2019-12-01,Transport,119.73547028014315
2020-01-01,Transport,117.24448276421762
2020-02-01,Transport,116.34737694639833
2020-03-01,Transport,117.07038393232766
2020-04-01,Transport,117.10943805752072
2020-05-01,Transport,116.94280619544038
2020-06-01,Transport,127.66859275411417
2020-07-01,Transport,133.27262186499618
2020-08-01,Transport,134.61205583880874
2020-09-01,Transport,137.9094677359874
2020-10-01,Transport,140.67584509089076
2020-11-01,Transport,140.49568215846384
2020-12-01,Transport,142.88878759909687
2021-01-01,Transport,140.74537256773866
2021-02-01,Transport,140.14366472990352
2021-03-01,Transport,139.09620987660733
2021-04-01,Transport,140.05205678864843
2021-05-01,Transport,141.42138134344208
2021-06-01,Transport,147.94883923163235
2021-07-01,Transport,147.57752177589032
2021-08-01,Transport,144.48186965250815
2021-09-01,Transport,144.5879805092893
2021-10-01,Transport,144.00876465722976
2021-11-01,Transport,145.3701819538316
2021-12-01,Transport,148.9140357277215
2022-01-01,Transport,141.04355246511625
2022-02-01,Transport,141.02575069089872
2022-03-01,Transport,141.56205418106896
2022-04-01,Transport,143.25665242763597
2022-05-01,Transport,147.59769002631543
2022-06-01,Transport,150.39911775351575
2022-07-01,Transport,154.4161291742515
2022-08-01,Transport,157.12237386611923
2022-09-01,Transport,157.28418224460117
2022-10-01,Transport,154.73799704338458
2022-11-01,Transport,152.73625855857807
2022-12-01,Transport,151.10095470035992
2023-01-01,Transport,148.0063672287502
2023-02-01,Transport,148.62837966432664
2023-03-01,Transport,147.67676480048058
2023-04-01,Transport,148.86003404176154
2023-05-01,Transport,147.2271431307159
2023-06-01,Transport,146.49092131977451
2023-07-01,Transport,145.84809556152933
2023-08-01,Transport,146.23779095702625
2023-09-01,Transport,149.7607531636942
2023-10-01,Transport,149.28798253255323
2023-11-01,Transport,150.291453488063
2023-12-01,Transport,154.73847056075434
2024-01-01,Transport,151.73517856484995
2024-02-01,Transport,151.37188651656226
2024-03-01,Transport,152.2605063400322
2024-04-01,Transport,153.1854371949965
2024-05-01,Transport,154.53081391250043
2024-06-01,Transport,154.45265592058237
2024-07-01,Transport,155.05293385284554
2024-08-01,Transport,154.11972083368028
2024-09-01,Transport,154.10565291172196
2024-10-01,Transport,156.5408261222422
2024-11-01,Transport,155.86839203656686
2024-12-01,Transport,160.4457567310585
2025-01-01,Transport,158.297921798522
2025-02-01,Transport,157.92344121977334
2025-03-01,Transport,158.22600626556215
2025-04-01,Transport,157.86940250806776
2025-05-01,Transport,158.70463043072928
2025-06-01,Transport,158.9010101331863
2025-07-01,Transport,158.98623424162324
2025-08-01,Transport,158.80761939251158
2025-09-01,Transport,159.14103722233153
2025-10-01,Transport,158.1450019786636
2025-11-01,Transport,157.98008497436368
2025-12-01,Transport,160.6732882184364
2026-01-01,Transport,161.21460987974487
2026-02-01,Transport,160.27353905229015
2026-03-01,Transport,160.76664718100403
2026-04-01,Transport,163.63129782681077
2026-05-01,Transport,169.28017750242176
2026-06-01,Transport,172.83310743147936
2026-07-01,Transport,173.74269382054462
2026-08-01,Transport,173.65777106284142
2017-07-01,Information and Communication,98.47098120713375
2017-08-01,Information and Communication,97.25260479880708
2017-09-01,Information and Communication,96.74028335943923
2017-10-01,Information and Communication,97.08554346912311
2017-11-01,Information and Communication,103.83314327374109
2017-12-01,Information and Communication,104.60548913715313
2018-01-01,Information and Communication,104.53022887612579
2018-02-01,Information and Communication,100.4718305371993
2018-03-01,Information and Communication,100.32098622011291
2018-04-01,Information and Communication,100.3986549349007
2018-05-01,Information and Communication,100.52653207712984
2018-06-01,Information and Communication,100.37965290867588
2018-07-01,Information and Communication,106.84980501081797
2018-08-01,Information and Communication,107.1015799509901
2018-09-01,Information and Communication,107.19652794341543
2018-10-01,Information and Communication,107.33699940954521
2018-11-01,Information and Communication,107.29746762523132
2018-12-01,Information and Communication,107.32417082128264
2019-01-01,Information and Communication,107.14086322103775
2019-02-01,Information and Communication,107.34760196537239
2019-03-01,Information and Communication,107.38622683181504
2019-04-01,Information and Communication,107.30684168362558
2019-05-01,Information and Communication,101.38526709519611
2019-06-01,Information and Communication,101.41028602473476
2019-07-01,Information and Communication,94.4022310454421
2019-08-01,Information and Communication,94.6262279052862
2019-09-01,Information and Communication,93.23813132929398
2019-10-01,Information and Communication,93.31310629689865
2019-11-01,Information and Communication,93.32824093643427
2019-12-01,Information and Communication,93.4600576917837
2020-01-01,Information and Communication,93.5136023330571
2020-02-01,Information and Communication,94.07364658068663
2020-03-01,Information and Communication,94.03455963162631
2020-04-01,Information and Communication,94.03455963162631
2020-05-01,Information and Communication,94.17766023183654
2020-06-01,Information and Communication,94.3891950860867
2020-07-01,Information and Communication,94.49732269699471
2020-08-01,Information and Communication,94.71367963992662
2020-09-01,Information and Communication,94.75907881442569
2020-10-01,Information and Communication,94.97705498732189
2020-11-01,Information and Communication,95.03759944323491
2020-12-01,Information and Communication,95.10200502985968
2021-01-01,Information and Communication,94.91841032309055
2021-02-01,Information and Communication,94.85767304553909
2021-03-01,Information and Communication,94.95526351428185
2021-04-01,Information and Communication,94.95110807652608
2021-05-01,Information and Communication,95.15510918066069
2021-06-01,Information and Communication,95.21308761566141
2021-07-01,Information and Communication,93.17439162832405
2021-08-01,Information and Communication,93.13632144826522
2021-09-01,Information and Communication,94.09776650557073
2021-10-01,Information and Communication,94.10814069754808
2021-11-01,Information and Communication,94.09016478698604
2021-12-01,Information and Communication,94.08388417467998
2022-01-01,Information and Communication,94.13621902177285
2022-02-01,Information and Communication,93.50101872663164
2022-03-01,Information and Communication,92.7099280873504
2022-04-01,Information and Communication,92.64758978078032
2022-05-01,Information and Communication,92.55960056347777
2022-06-01,Information and Communication,92.81692893880246
2022-07-01,Information and Communication,91.93087029297565
2022-08-01,Information and Communication,92.05620837375398
2022-09-01,Information and Communication,92.84419223022651
2022-10-01,Information and Communication,93.32773828845197
2022-11-01,Information and Communication,93.15206674407398
2022-12-01,Information and Communication,93.19103061508598
2023-01-01,Information and Communication,93.40532809071544
2023-02-01,Information and Communication,93.70882066888177
2023-03-01,Information and Communication,93.85405304340188
2023-04-01,Information and Communication,94.79349205047494
2023-05-01,Information and Communication,94.85812786683047
2023-06-01,Information and Communication,95.15486549988374
2023-07-01,Information and Communication,95.11784923328227
2023-08-01,Information and Communication,95.10460666178992
2023-09-01,Information and Communication,95.04798779172208
2023-10-01,Information and Communication,95.07058124181168
2023-11-01,Information and Communication,95.14880317410054
2023-12-01,Information and Communication,95.16650043979274
2024-01-01,Information and Communication,95.1234997910852
2024-02-01,Information and Communication,95.28755359703132
2024-03-01,Information and Communication,95.55234936319394
2024-04-01,Information and Communication,96.17918968033825
2024-05-01,Information and Communication,96.26709287450957
2024-06-01,Information and Communication,96.34523653968907
2024-07-01,Information and Communication,96.3405668672261
2024-08-01,Information and Communication,96.33134837888814
2024-09-01,Information and Communication,96.47494785798268
2024-10-01,Information and Communication,96.84384806317931
2024-11-01,Information and Communication,96.87069964034266
2024-12-01,Information and Communication,96.86611471294779
2025-01-01,Information and Communication,96.91535212806801
2025-02-01,Information and Communication,97.0264507838631
2025-03-01,Information and Communication,97.4290436523006
2025-04-01,Information and Communication,97.41021395527902
2025-05-01,Information and Communication,97.38045937937497
2025-06-01,Information and Communication,97.93593857999358
2025-07-01,Information and Communication,98.06846120625632
2025-08-01,Information and Communication,98.83438773489515
2025-09-01,Information and Communication,98.97725407712257
2025-10-01,Information and Communication,98.98009422652196
2025-11-01,Information and Communication,98.98551779439215
2025-12-01,Information and Communication,98.98468586293816
2026-01-01,Information and Communication,98.99847714283457
2026-02-01,Information and Communication,98.98378489839138
2026-03-01,Information and Communication,98.9892616095282
2026-04-01,Information and Communication,99.01780475841602
2026-05-01,Information and Communication,98.9673590087213
2026-06-01,Information and Communication,99.03031469758768
2026-07-01,Information and Communication,99.05668598294334
2026-08-01,Information and Communication,102.09846136914541
2017-07-01,"Recreation, Sport and Culture",102.20197237072065
2017-08-01,"Recreation, Sport and Culture",102.4119500563507
2017-09-01,"Recreation, Sport and Culture",102.00483512648584
2017-10-01,"Recreation, Sport and Culture",101.81856114833134
2017-11-01,"Recreation, Sport and Culture",101.56674570110852
2017-12-01,"Recreation, Sport and Culture",101.95690416801351
2018-01-01,"Recreation, Sport and Culture",101.96182664698823
2018-02-01,"Recreation, Sport and Culture",102.26652343978762
2018-03-01,"Recreation, Sport and Culture",102.55813005972172
2018-04-01,"Recreation, Sport and Culture",102.58995787245074
2018-05-01,"Recreation, Sport and Culture",102.95549776441929
2018-06-01,"Recreation, Sport and Culture",102.85894594333648
2018-07-01,"Recreation, Sport and Culture",104.17614960356585
2018-08-01,"Recreation, Sport and Culture",104.36003299049621
2018-09-01,"Recreation, Sport and Culture",104.52952337380498
2018-10-01,"Recreation, Sport and Culture",104.5173039525781
2018-11-01,"Recreation, Sport and Culture",105.05403809325009
2018-12-01,"Recreation, Sport and Culture",105.21584212521624
2019-01-01,"Recreation, Sport and Culture",105.66522086070015
2019-02-01,"Recreation, Sport and Culture",106.27417681468053
2019-03-01,"Recreation, Sport and Culture",106.64923215641757
2019-04-01,"Recreation, Sport and Culture",105.64977476313116
2019-05-01,"Recreation, Sport and Culture",105.79898908506473
2019-06-01,"Recreation, Sport and Culture",105.65333816678236
2019-07-01,"Recreation, Sport and Culture",105.69797121106296
2019-08-01,"Recreation, Sport and Culture",106.46228622063508
2019-09-01,"Recreation, Sport and Culture",106.27955733267176
2019-10-01,"Recreation, Sport and Culture",106.41782012356387
2019-11-01,"Recreation, Sport and Culture",105.90733411257578
2019-12-01,"Recreation, Sport and Culture",106.57678315258987
2020-01-01,"Recreation, Sport and Culture",107.59579189676629
2020-02-01,"Recreation, Sport and Culture",108.80601724901986
2020-03-01,"Recreation, Sport and Culture",108.85853607100319
2020-04-01,"Recreation, Sport and Culture",108.86142952961954
2020-05-01,"Recreation, Sport and Culture",108.7032312781149
2020-06-01,"Recreation, Sport and Culture",108.75227731753414
2020-07-01,"Recreation, Sport and Culture",108.48273804814258
2020-08-01,"Recreation, Sport and Culture",108.72387615264567
2020-09-01,"Recreation, Sport and Culture",108.92249343674224
2020-10-01,"Recreation, Sport and Culture",109.0119298168744
2020-11-01,"Recreation, Sport and Culture",109.34553389421342
2020-12-01,"Recreation, Sport and Culture",109.40895005836433
2021-01-01,"Recreation, Sport and Culture",109.33477871930333
2021-02-01,"Recreation, Sport and Culture",108.9714287546384
2021-03-01,"Recreation, Sport and Culture",109.61575567491606
2021-04-01,"Recreation, Sport and Culture",109.3847197865621
2021-05-01,"Recreation, Sport and Culture",109.43899131372478
2021-06-01,"Recreation, Sport and Culture",109.62047695499433
2021-07-01,"Recreation, Sport and Culture",109.27448940684049
2021-08-01,"Recreation, Sport and Culture",108.37980626443503
2021-09-01,"Recreation, Sport and Culture",108.43260870358222
2021-10-01,"Recreation, Sport and Culture",108.5739854801875
2021-11-01,"Recreation, Sport and Culture",108.43102984793828
2021-12-01,"Recreation, Sport and Culture",108.97149329862289
2022-01-01,"Recreation, Sport and Culture",109.47635591345562
2022-02-01,"Recreation, Sport and Culture",109.57601002938051
2022-03-01,"Recreation, Sport and Culture",111.37592607024257
2022-04-01,"Recreation, Sport and Culture",112.56062952193268
2022-05-01,"Recreation, Sport and Culture",113.04880387361919
2022-06-01,"Recreation, Sport and Culture",114.01011652360863
2022-07-01,"Recreation, Sport and Culture",114.73770020115049
2022-08-01,"Recreation, Sport and Culture",115.3547228387793
2022-09-01,"Recreation, Sport and Culture",115.64173703736688
2022-10-01,"Recreation, Sport and Culture",114.79918935280092
2022-11-01,"Recreation, Sport and Culture",114.92325941933682
2022-12-01,"Recreation, Sport and Culture",116.41466851984845
2023-01-01,"Recreation, Sport and Culture",115.1131595285285
2023-02-01,"Recreation, Sport and Culture",115.0901351087367
2023-03-01,"Recreation, Sport and Culture",115.0338122796761
2023-04-01,"Recreation, Sport and Culture",114.48861885891533
2023-05-01,"Recreation, Sport and Culture",114.53473764023167
2023-06-01,"Recreation, Sport and Culture",114.47896109194608
2023-07-01,"Recreation, Sport and Culture",114.4173516493508
2023-08-01,"Recreation, Sport and Culture",114.27228394920722
2023-09-01,"Recreation, Sport and Culture",115.0415295791957
2023-10-01,"Recreation, Sport and Culture",115.12631451080631
2023-11-01,"Recreation, Sport and Culture",116.54918596922974
2023-12-01,"Recreation, Sport and Culture",116.74283093210339
2024-01-01,"Recreation, Sport and Culture",117.1260211470712
2024-02-01,"Recreation, Sport and Culture",118.11813600795755
2024-03-01,"Recreation, Sport and Culture",120.73557300434811
2024-04-01,"Recreation, Sport and Culture",120.66151822570815
2024-05-01,"Recreation, Sport and Culture",121.30359320624449
2024-06-01,"Recreation, Sport and Culture",121.06869559149199
2024-07-01,"Recreation, Sport and Culture",122.63341793254187
2024-08-01,"Recreation, Sport and Culture",123.00835205695196
2024-09-01,"Recreation, Sport and Culture",123.06338125602498
2024-10-01,"Recreation, Sport and Culture",123.02715881374887
2024-11-01,"Recreation, Sport and Culture",122.87723185266594
2024-12-01,"Recreation, Sport and Culture",122.76232048316002
2025-01-01,"Recreation, Sport and Culture",122.22208532816701
2025-02-01,"Recreation, Sport and Culture",122.50079060252313
2025-03-01,"Recreation, Sport and Culture",122.69025258018232
2025-04-01,"Recreation, Sport and Culture",122.6678854474564
2025-05-01,"Recreation, Sport and Culture",123.62354277895005
2025-06-01,"Recreation, Sport and Culture",124.48043038577244
2025-07-01,"Recreation, Sport and Culture",124.36495424921307
2025-08-01,"Recreation, Sport and Culture",124.83163558950869
2025-09-01,"Recreation, Sport and Culture",124.84683015926126
2025-10-01,"Recreation, Sport and Culture",124.81986278587327
2025-11-01,"Recreation, Sport and Culture",124.99316063899086
2025-12-01,"Recreation, Sport and Culture",125.30218974967691
2026-01-01,"Recreation, Sport and Culture",124.76630562732572
2026-02-01,"Recreation, Sport and Culture",125.2308233534438
2026-03-01,"Recreation, Sport and Culture",125.63507761455922
2026-04-01,"Recreation, Sport and Culture",125.62062423093052
2026-05-01,"Recreation, Sport and Culture",125.6696297654642
2026-06-01,"Recreation, Sport and Culture",125.63925667308715
2026-07-01,"Recreation, Sport and Culture",125.21173966640073
2026-08-01,"Recreation, Sport and Culture",125.69429878234183
2017-07-01,Education Services,102.86150674366593
2017-08-01,Education Services,104.22628472538474
2017-09-01,Education Services,104.22628548500022
2017-10-01,Education Services,104.25132810344567
2017-11-01,Education Services,104.25138484516467
2017-12-01,Education Services,104.25140156541929
2018-01-01,Education Services,104.25145830631023
2018-02-01,Education Services,104.54896496441664
2018-03-01,Education Services,104.87808029910244
2018-04-01,Education Services,104.87808029910244
2018-05-01,Education Services,104.87813802022326
2018-06-01,Education Services,104.72239377152194
2018-07-01,Education Services,104.72239377152194
2018-08-01,Education Services,105.23973152849081
2018-09-01,Education Services,105.23973250949743
2018-10-01,Education Services,106.03422910097639
2018-11-01,Education Services,106.03422719037422
2018-12-01,Education Services,106.03423082306954
2019-01-01,Education Services,106.03424816363344
2019-02-01,Education Services,106.07367195111856
2019-03-01,Education Services,106.48452702215381
2019-04-01,Education Services,106.48452702215381
2019-05-01,Education Services,106.48454340733335
2019-06-01,Education Services,107.35599303610218
2019-07-01,Education Services,107.35598965489203
2019-08-01,Education Services,107.99729659314492
2019-09-01,Education Services,107.99729659314492
2019-10-01,Education Services,108.61066563828342
2019-11-01,Education Services,108.6106699747912
2019-12-01,Education Services,108.6106699747912
2020-01-01,Education Services,108.6106699747912
2020-02-01,Education Services,108.85383967555177
2020-03-01,Education Services,108.85383854848708
2020-04-01,Education Services,108.85383854848708
2020-05-01,Education Services,108.85383950377096
2020-06-01,Education Services,108.85383950377096
2020-07-01,Education Services,108.85384045904793
2020-08-01,Education Services,108.85384045904793
2020-09-01,Education Services,108.85384045904793
2020-10-01,Education Services,108.85384236958123
2020-11-01,Education Services,108.85384236958123
2020-12-01,Education Services,108.85384236958123
2021-01-01,Education Services,108.85561972324811
2021-02-01,Education Services,108.85561972324811
2021-03-01,Education Services,108.85561972324811
2021-04-01,Education Services,108.85561972324811
2021-05-01,Education Services,109.50123622850931
2021-06-01,Education Services,109.5075339653736
2021-07-01,Education Services,109.5075339653736
2021-08-01,Education Services,109.5075339653736
2021-09-01,Education Services,109.5075339653736
2021-10-01,Education Services,109.5075339653736
2021-11-01,Education Services,109.5075339653736
2021-12-01,Education Services,109.5075339653736
2022-01-01,Education Services,109.5075339653736
2022-02-01,Education Services,118.6714610952389
2022-03-01,Education Services,118.67042490320951
2022-04-01,Education Services,118.67008828128739
2022-05-01,Education Services,118.67008828128739
2022-06-01,Education Services,119.23706010661954
2022-07-01,Education Services,119.2362889914726
2022-08-01,Education Services,119.23766180542411
2022-09-01,Education Services,123.52557877428303
2022-10-01,Education Services,123.52557877428303
2022-11-01,Education Services,123.52557877428303
2022-12-01,Education Services,123.52557877428303
2023-01-01,Education Services,123.52557877428303
2023-02-01,Education Services,123.52557877428303
2023-03-01,Education Services,127.39043438650157
2023-04-01,Education Services,127.39043438650157
2023-05-01,Education Services,127.38906157255006
2023-06-01,Education Services,128.18923425179105
2023-07-01,Education Services,128.18923425179105
2023-08-01,Education Services,128.18923425179105
2023-09-01,Education Services,128.18786143783956
2023-10-01,Education Services,131.0635557214613
2023-11-01,Education Services,131.06355588562445
2023-12-01,Education Services,131.06355588562445
2024-01-01,Education Services,131.06355588562445
2024-02-01,Education Services,141.4745401817721
2024-03-01,Education Services,141.4745401817721
2024-04-01,Education Services,141.4745401817721
2024-05-01,Education Services,141.4745401817721
2024-06-01,Education Services,143.68132583682313
2024-07-01,Education Services,143.68132583682313
2024-08-01,Education Services,143.68269865077468
2024-09-01,Education Services,143.68269865077468
2024-10-01,Education Services,144.5100630738145
2024-11-01,Education Services,144.5100645402846
2024-12-01,Education Services,144.5100630738145
2025-01-01,Education Services,144.5100630738145
2025-02-01,Education Services,150.8757102151168
2025-03-01,Education Services,150.88709580439107
2025-04-01,Education Services,150.88709580439107
2025-05-01,Education Services,150.88709580439107
2025-06-01,Education Services,152.79455886596614
2025-07-01,Education Services,152.79455886596614
2025-08-01,Education Services,152.79455886596614
2025-09-01,Education Services,152.79455886596614
2025-10-01,Education Services,155.4694394566779
2025-11-01,Education Services,155.4694394566779
2025-12-01,Education Services,155.46943992323472
2026-01-01,Education Services,155.4694394566779
2026-02-01,Education Services,157.01976837393173
2026-03-01,Education Services,157.0386782948724
2026-04-01,Education Services,157.03780643522578
2026-05-01,Education Services,157.04001143299163
2026-06-01,Education Services,161.57576756454998
2026-07-01,Education Services,161.57714037850153
2026-08-01,Education Services,161.57714037850153
2017-07-01,Restaurants and Accommodation Services,102.38112388192876
2017-08-01,Restaurants and Accommodation Services,102.26387977991072
2017-09-01,Restaurants and Accommodation Services,102.38834802913631
2017-10-01,Restaurants and Accommodation Services,103.07223662439554
2017-11-01,Restaurants and Accommodation Services,103.39638689500708
2017-12-01,Restaurants and Accommodation Services,103.85319293355572
2018-01-01,Restaurants and Accommodation Services,103.9941798349402
2018-02-01,Restaurants and Accommodation Services,104.21974974823551
2018-03-01,Restaurants and Accommodation Services,104.39046786861944
2018-04-01,Restaurants and Accommodation Services,104.48447154642116
2018-05-01,Restaurants and Accommodation Services,104.78382779953553
2018-06-01,Restaurants and Accommodation Services,104.84940139128119
2018-07-01,Restaurants and Accommodation Services,105.12058212867227
2018-08-01,Restaurants and Accommodation Services,105.26777241696014
2018-09-01,Restaurants and Accommodation Services,105.02639024642507
2018-10-01,Restaurants and Accommodation Services,105.3277676271518
2018-11-01,Restaurants and Accommodation Services,105.59315006758762
2018-12-01,Restaurants and Accommodation Services,105.90363420576276
2019-01-01,Restaurants and Accommodation Services,106.57854804575115
2019-02-01,Restaurants and Accommodation Services,106.4274422621469
2019-03-01,Restaurants and Accommodation Services,106.72374158617907
2019-04-01,Restaurants and Accommodation Services,106.82992190580936
2019-05-01,Restaurants and Accommodation Services,107.00551682528645
2019-06-01,Restaurants and Accommodation Services,106.79235576745837
2019-07-01,Restaurants and Accommodation Services,106.90836468167812
2019-08-01,Restaurants and Accommodation Services,107.33152778646208
2019-09-01,Restaurants and Accommodation Services,107.60749241134047
2019-10-01,Restaurants and Accommodation Services,107.54988231142693
2019-11-01,Restaurants and Accommodation Services,107.83192454125268
2019-12-01,Restaurants and Accommodation Services,107.77500207258025
2020-01-01,Restaurants and Accommodation Services,107.97124024461071
2020-02-01,Restaurants and Accommodation Services,108.42727822147594
2020-03-01,Restaurants and Accommodation Services,108.37198837458243
2020-04-01,Restaurants and Accommodation Services,108.71645190171465
2020-05-01,Restaurants and Accommodation Services,108.80397423715597
2020-06-01,Restaurants and Accommodation Services,108.67677292291943
2020-07-01,Restaurants and Accommodation Services,108.1751220583132
2020-08-01,Restaurants and Accommodation Services,107.97288528529954
2020-09-01,Restaurants and Accommodation Services,107.94874772401697
2020-10-01,Restaurants and Accommodation Services,108.15745849835169
2020-11-01,Restaurants and Accommodation Services,107.53087823964042
2020-12-01,Restaurants and Accommodation Services,107.49315972533337
2021-01-01,Restaurants and Accommodation Services,107.91795583751083
2021-02-01,Restaurants and Accommodation Services,108.30885833871103
2021-03-01,Restaurants and Accommodation Services,108.83835575264824
2021-04-01,Restaurants and Accommodation Services,108.7710803371354
2021-05-01,Restaurants and Accommodation Services,109.57596057712273
2021-06-01,Restaurants and Accommodation Services,108.93076566770964
2021-07-01,Restaurants and Accommodation Services,109.54681575505053
2021-08-01,Restaurants and Accommodation Services,109.62245793983234
2021-09-01,Restaurants and Accommodation Services,109.65441102690794
2021-10-01,Restaurants and Accommodation Services,109.67416303009401
2021-11-01,Restaurants and Accommodation Services,110.24041072865703
2021-12-01,Restaurants and Accommodation Services,109.35078478802112
2022-01-01,Restaurants and Accommodation Services,110.4441406459832
2022-02-01,Restaurants and Accommodation Services,111.77937744868176
2022-03-01,Restaurants and Accommodation Services,113.60188591739482
2022-04-01,Restaurants and Accommodation Services,114.24236189968877
2022-05-01,Restaurants and Accommodation Services,114.29502604106523
2022-06-01,Restaurants and Accommodation Services,115.55788777406303
2022-07-01,Restaurants and Accommodation Services,115.98964528640866
2022-08-01,Restaurants and Accommodation Services,117.10696915412294
2022-09-01,Restaurants and Accommodation Services,117.82959582675252
2022-10-01,Restaurants and Accommodation Services,118.44618676503288
2022-11-01,Restaurants and Accommodation Services,118.47742578639017
2022-12-01,Restaurants and Accommodation Services,118.16211019149128
2023-01-01,Restaurants and Accommodation Services,118.06873273503655
2023-02-01,Restaurants and Accommodation Services,118.89055658087264
2023-03-01,Restaurants and Accommodation Services,120.77393985743656
2023-04-01,Restaurants and Accommodation Services,120.17142061981649
2023-05-01,Restaurants and Accommodation Services,120.46269219316666
2023-06-01,Restaurants and Accommodation Services,122.17976945730146
2023-07-01,Restaurants and Accommodation Services,122.18303418254935
2023-08-01,Restaurants and Accommodation Services,122.954684661662
2023-09-01,Restaurants and Accommodation Services,122.80983999302634
2023-10-01,Restaurants and Accommodation Services,123.4122733437503
2023-11-01,Restaurants and Accommodation Services,123.56432169845692
2023-12-01,Restaurants and Accommodation Services,123.30726436339931
2024-01-01,Restaurants and Accommodation Services,123.80197426834103
2024-02-01,Restaurants and Accommodation Services,126.00724754590422
2024-03-01,Restaurants and Accommodation Services,126.46444944516176
2024-04-01,Restaurants and Accommodation Services,126.42086247855248
2024-05-01,Restaurants and Accommodation Services,126.7321403052272
2024-06-01,Restaurants and Accommodation Services,127.19855533992057
2024-07-01,Restaurants and Accommodation Services,127.16134682426153
2024-08-01,Restaurants and Accommodation Services,127.08638888494323
2024-09-01,Restaurants and Accommodation Services,127.313171188216
2024-10-01,Restaurants and Accommodation Services,128.1612111932764
2024-11-01,Restaurants and Accommodation Services,128.30744056087013
2024-12-01,Restaurants and Accommodation Services,129.23501743753647
2025-01-01,Restaurants and Accommodation Services,129.77356697540702
2025-02-01,Restaurants and Accommodation Services,130.7481418639926
2025-03-01,Restaurants and Accommodation Services,131.37597218872375
2025-04-01,Restaurants and Accommodation Services,131.6899602129255
2025-05-01,Restaurants and Accommodation Services,132.6153181680176
2025-06-01,Restaurants and Accommodation Services,133.12464055372243
2025-07-01,Restaurants and Accommodation Services,133.45699204619478
2025-08-01,Restaurants and Accommodation Services,134.20712279858793
2025-09-01,Restaurants and Accommodation Services,134.40079727415718
2025-10-01,Restaurants and Accommodation Services,134.8175716571981
2025-11-01,Restaurants and Accommodation Services,134.95418709086172
2025-12-01,Restaurants and Accommodation Services,135.30656342301734
2026-01-01,Restaurants and Accommodation Services,135.45839565322223
2026-02-01,Restaurants and Accommodation Services,135.932160096995
2026-03-01,Restaurants and Accommodation Services,136.1902336170637
2026-04-01,Restaurants and Accommodation Services,136.6328738045383
2026-05-01,Restaurants and Accommodation Services,137.02116512185614
2026-06-01,Restaurants and Accommodation Services,137.52282702122602
2026-07-01,Restaurants and Accommodation Services,137.72174110705225
2026-08-01,Restaurants and Accommodation Services,137.61280328346757
2017-07-01,Insurance and Financial Services,102.21671268667764
2017-08-01,Insurance and Financial Services,102.28742652065486
2017-09-01,Insurance and Financial Services,102.27335067807148
2017-10-01,Insurance and Financial Services,102.82405347306454
2017-11-01,Insurance and Financial Services,102.9902219938227
2017-12-01,Insurance and Financial Services,103.16260408618832
2018-01-01,Insurance and Financial Services,103.16260408618832
2018-02-01,Insurance and Financial Services,103.13188386774063
2018-03-01,Insurance and Financial Services,103.1489359194722
2018-04-01,Insurance and Financial Services,105.99095766670693
2018-05-01,Insurance and Financial Services,105.87256190176032
2018-06-01,Insurance and Financial Services,105.43158140825274
2018-07-01,Insurance and Financial Services,113.61883939704921
2018-08-01,Insurance and Financial Services,113.92491884807106
2018-09-01,Insurance and Financial Services,114.07149374841298
2018-10-01,Insurance and Financial Services,113.96522550202073
2018-11-01,Insurance and Financial Services,113.96464158146063
2018-12-01,Insurance and Financial Services,114.01063505710077
2019-01-01,Insurance and Financial Services,113.84195101367155
2019-02-01,Insurance and Financial Services,113.84195101367155
2019-03-01,Insurance and Financial Services,114.04205723046495
2019-04-01,Insurance and Financial Services,104.84904182438548
2019-05-01,Insurance and Financial Services,104.40442376268501
2019-06-01,Insurance and Financial Services,104.39985225152634
2019-07-01,Insurance and Financial Services,112.59320154204188
2019-08-01,Insurance and Financial Services,118.83883125681389
2019-09-01,Insurance and Financial Services,120.42171571505106
2019-10-01,Insurance and Financial Services,110.3231458593908
2019-11-01,Insurance and Financial Services,105.71855564126331
2019-12-01,Insurance and Financial Services,105.90193081482765
2020-01-01,Insurance and Financial Services,116.63053328972644
2020-02-01,Insurance and Financial Services,116.63053328972644
2020-03-01,Insurance and Financial Services,116.63053328972644
2020-04-01,Insurance and Financial Services,116.63053328972644
2020-05-01,Insurance and Financial Services,114.37588751365995
2020-06-01,Insurance and Financial Services,114.37588751365995
2020-07-01,Insurance and Financial Services,114.39368872555887
2020-08-01,Insurance and Financial Services,114.39274512805758
2020-09-01,Insurance and Financial Services,114.39274512805758
2020-10-01,Insurance and Financial Services,113.9762153460909
2020-11-01,Insurance and Financial Services,113.99879491341376
2020-12-01,Insurance and Financial Services,113.99879491341376
2021-01-01,Insurance and Financial Services,113.99879491341376
2021-02-01,Insurance and Financial Services,113.99879491341376
2021-03-01,Insurance and Financial Services,113.99879491341376
2021-04-01,Insurance and Financial Services,113.99879491341376
2021-05-01,Insurance and Financial Services,113.6222589317678
2021-06-01,Insurance and Financial Services,113.6222589317678
2021-07-01,Insurance and Financial Services,115.2223245267066
2021-08-01,Insurance and Financial Services,115.31204329507733
2021-09-01,Insurance and Financial Services,116.85365755632334
2021-10-01,Insurance and Financial Services,116.86050097176181
2021-11-01,Insurance and Financial Services,116.86136988713075
2021-12-01,Insurance and Financial Services,116.86136988713075
2022-01-01,Insurance and Financial Services,116.86136988713075
2022-02-01,Insurance and Financial Services,116.86571446397555
2022-03-01,Insurance and Financial Services,116.86571446397555
2022-04-01,Insurance and Financial Services,116.77829216415314
2022-05-01,Insurance and Financial Services,116.84453780910245
2022-06-01,Insurance and Financial Services,116.47962680325529
2022-07-01,Insurance and Financial Services,116.64979288295636
2022-08-01,Insurance and Financial Services,116.69659661560522
2022-09-01,Insurance and Financial Services,116.69659661560522
2022-10-01,Insurance and Financial Services,116.72509055942797
2022-11-01,Insurance and Financial Services,116.72509055942797
2022-12-01,Insurance and Financial Services,116.72509055942797
2023-01-01,Insurance and Financial Services,116.54060111458298
2023-02-01,Insurance and Financial Services,116.53981721777623
2023-03-01,Insurance and Financial Services,116.53981721777623
2023-04-01,Insurance and Financial Services,121.4859830563475
2023-05-01,Insurance and Financial Services,121.4859830563475
2023-06-01,Insurance and Financial Services,121.4859830563475
2023-07-01,Insurance and Financial Services,121.4859830563475
2023-08-01,Insurance and Financial Services,121.4772939026579
2023-09-01,Insurance and Financial Services,121.4639943458024
2023-10-01,Insurance and Financial Services,123.1928618940936
2023-11-01,Insurance and Financial Services,123.17403539443282
2023-12-01,Insurance and Financial Services,123.18417274040401
2024-01-01,Insurance and Financial Services,123.27189804300174
2024-02-01,Insurance and Financial Services,123.28789514151265
2024-03-01,Insurance and Financial Services,127.05708942256015
2024-04-01,Insurance and Financial Services,127.07205323317854
2024-05-01,Insurance and Financial Services,127.07205323317854
2024-06-01,Insurance and Financial Services,127.07205323317854
2024-07-01,Insurance and Financial Services,127.03417528698164
2024-08-01,Insurance and Financial Services,126.28548449206686
2024-09-01,Insurance and Financial Services,126.28548449206686
2024-10-01,Insurance and Financial Services,126.40674483579384
2024-11-01,Insurance and Financial Services,133.45412072540924
2024-12-01,Insurance and Financial Services,133.45412072540924
2025-01-01,Insurance and Financial Services,142.73264743570547
2025-02-01,Insurance and Financial Services,142.73264743570547
2025-03-01,Insurance and Financial Services,143.73395619272213
2025-04-01,Insurance and Financial Services,143.73147852611507
2025-05-01,Insurance and Financial Services,143.73147852611507
2025-06-01,Insurance and Financial Services,143.73147852611507
2025-07-01,Insurance and Financial Services,146.9922974686518
2025-08-01,Insurance and Financial Services,146.9922974686518
2025-09-01,Insurance and Financial Services,146.9973997814831
2025-10-01,Insurance and Financial Services,146.9824651687259
2025-11-01,Insurance and Financial Services,146.98886221538106
2025-12-01,Insurance and Financial Services,146.98886221538106
2026-01-01,Insurance and Financial Services,160.35351624793694
2026-02-01,Insurance and Financial Services,160.35351624793694
2026-03-01,Insurance and Financial Services,160.36597081899933
2026-04-01,Insurance and Financial Services,161.81081159010068
2026-05-01,Insurance and Financial Services,161.84396902825293
2026-06-01,Insurance and Financial Services,161.8439559881446
2026-07-01,Insurance and Financial Services,161.85979438608
2026-08-01,Insurance and Financial Services,161.85979438608
2017-07-01,"Personal Care, Social Protection and Miscellaneous Goods",100.77895207640222
2017-08-01,"Personal Care, Social Protection and Miscellaneous Goods",101.02536869095603
2017-09-01,"Personal Care, Social Protection and Miscellaneous Goods",100.64797213600453
2017-10-01,"Personal Care, Social Protection and Miscellaneous Goods",100.74848078921872
2017-11-01,"Personal Care, Social Protection and Miscellaneous Goods",100.80122793958054
2017-12-01,"Personal Care, Social Protection and Miscellaneous Goods",101.13609165056391
2018-01-01,"Personal Care, Social Protection and Miscellaneous Goods",101.2005831102169
2018-02-01,"Personal Care, Social Protection and Miscellaneous Goods",101.5759867808694
2018-03-01,"Personal Care, Social Protection and Miscellaneous Goods",101.92444878287334
2018-04-01,"Personal Care, Social Protection and Miscellaneous Goods",101.51671998995336
2018-05-01,"Personal Care, Social Protection and Miscellaneous Goods",102.19454289486715
2018-06-01,"Personal Care, Social Protection and Miscellaneous Goods",102.58206936098269
2018-07-01,"Personal Care, Social Protection and Miscellaneous Goods",102.68886154179518
2018-08-01,"Personal Care, Social Protection and Miscellaneous Goods",103.29588508652455
2018-09-01,"Personal Care, Social Protection and Miscellaneous Goods",103.79626560934368
2018-10-01,"Personal Care, Social Protection and Miscellaneous Goods",103.66807899747806
2018-11-01,"Personal Care, Social Protection and Miscellaneous Goods",103.60790993984692
2018-12-01,"Personal Care, Social Protection and Miscellaneous Goods",103.7910731571703
2019-01-01,"Personal Care, Social Protection and Miscellaneous Goods",104.18966568841753
2019-02-01,"Personal Care, Social Protection and Miscellaneous Goods",105.0100872415883
2019-03-01,"Personal Care, Social Protection and Miscellaneous Goods",106.1004790024256
2019-04-01,"Personal Care, Social Protection and Miscellaneous Goods",106.44339312168816
2019-05-01,"Personal Care, Social Protection and Miscellaneous Goods",106.58573772599273
2019-06-01,"Personal Care, Social Protection and Miscellaneous Goods",106.8734282305332
2019-07-01,"Personal Care, Social Protection and Miscellaneous Goods",107.71074841011311
2019-08-01,"Personal Care, Social Protection and Miscellaneous Goods",108.20094200301408
2019-09-01,"Personal Care, Social Protection and Miscellaneous Goods",109.51592928049509
2019-10-01,"Personal Care, Social Protection and Miscellaneous Goods",109.90550328240737
2019-11-01,"Personal Care, Social Protection and Miscellaneous Goods",110.22938934274156
2019-12-01,"Personal Care, Social Protection and Miscellaneous Goods",110.4241115161227
2020-01-01,"Personal Care, Social Protection and Miscellaneous Goods",110.31833811980668
2020-02-01,"Personal Care, Social Protection and Miscellaneous Goods",110.26902902469928
2020-03-01,"Personal Care, Social Protection and Miscellaneous Goods",110.45632942212897
2020-04-01,"Personal Care, Social Protection and Miscellaneous Goods",110.44226944764148
2020-05-01,"Personal Care, Social Protection and Miscellaneous Goods",111.00081035965016
2020-06-01,"Personal Care, Social Protection and Miscellaneous Goods",111.21693622704699
2020-07-01,"Personal Care, Social Protection and Miscellaneous Goods",111.40083957166624
2020-08-01,"Personal Care, Social Protection and Miscellaneous Goods",111.85226602319374
2020-09-01,"Personal Care, Social Protection and Miscellaneous Goods",111.84657844661517
2020-10-01,"Personal Care, Social Protection and Miscellaneous Goods",111.76232858559874
2020-11-01,"Personal Care, Social Protection and Miscellaneous Goods",112.60889500722834
2020-12-01,"Personal Care, Social Protection and Miscellaneous Goods",112.54900394406468
2021-01-01,"Personal Care, Social Protection and Miscellaneous Goods",112.64880854013924
2021-02-01,"Personal Care, Social Protection and Miscellaneous Goods",112.47728423997381
2021-03-01,"Personal Care, Social Protection and Miscellaneous Goods",112.53604023070179
2021-04-01,"Personal Care, Social Protection and Miscellaneous Goods",113.23426675694263
2021-05-01,"Personal Care, Social Protection and Miscellaneous Goods",113.57428579648567
2021-06-01,"Personal Care, Social Protection and Miscellaneous Goods",113.37110494212932
2021-07-01,"Personal Care, Social Protection and Miscellaneous Goods",113.89694905342888
2021-08-01,"Personal Care, Social Protection and Miscellaneous Goods",113.87231285751905
2021-09-01,"Personal Care, Social Protection and Miscellaneous Goods",115.07027596203754
2021-10-01,"Personal Care, Social Protection and Miscellaneous Goods",114.97702493875796
2021-11-01,"Personal Care, Social Protection and Miscellaneous Goods",115.15000719611916
2021-12-01,"Personal Care, Social Protection and Miscellaneous Goods",115.717225765572
2022-01-01,"Personal Care, Social Protection and Miscellaneous Goods",117.20875186852354
2022-02-01,"Personal Care, Social Protection and Miscellaneous Goods",117.64812576381455
2022-03-01,"Personal Care, Social Protection and Miscellaneous Goods",117.72431577630779
2022-04-01,"Personal Care, Social Protection and Miscellaneous Goods",116.77346254999341
2022-05-01,"Personal Care, Social Protection and Miscellaneous Goods",118.02685535163167
2022-06-01,"Personal Care, Social Protection and Miscellaneous Goods",118.731146210669
2022-07-01,"Personal Care, Social Protection and Miscellaneous Goods",120.00515759727524
2022-08-01,"Personal Care, Social Protection and Miscellaneous Goods",121.48917142039953
2022-09-01,"Personal Care, Social Protection and Miscellaneous Goods",123.28832400686731
2022-10-01,"Personal Care, Social Protection and Miscellaneous Goods",123.57981948041574
2022-11-01,"Personal Care, Social Protection and Miscellaneous Goods",125.38985813142817
2022-12-01,"Personal Care, Social Protection and Miscellaneous Goods",126.51831583205663
2023-01-01,"Personal Care, Social Protection and Miscellaneous Goods",126.32962625074356
2023-02-01,"Personal Care, Social Protection and Miscellaneous Goods",127.46845766222253
2023-03-01,"Personal Care, Social Protection and Miscellaneous Goods",127.88124175816489
2023-04-01,"Personal Care, Social Protection and Miscellaneous Goods",128.57380836132464
2023-05-01,"Personal Care, Social Protection and Miscellaneous Goods",129.1399751938767
2023-06-01,"Personal Care, Social Protection and Miscellaneous Goods",129.90736749814613
2023-07-01,"Personal Care, Social Protection and Miscellaneous Goods",130.8790715978552
2023-08-01,"Personal Care, Social Protection and Miscellaneous Goods",131.04113924570618
2023-09-01,"Personal Care, Social Protection and Miscellaneous Goods",131.39981140758752
2023-10-01,"Personal Care, Social Protection and Miscellaneous Goods",132.00647622389104
2023-11-01,"Personal Care, Social Protection and Miscellaneous Goods",132.34944215200443
2023-12-01,"Personal Care, Social Protection and Miscellaneous Goods",133.27933639304416
2024-01-01,"Personal Care, Social Protection and Miscellaneous Goods",134.41692695688633
2024-02-01,"Personal Care, Social Protection and Miscellaneous Goods",135.1816271697015
2024-03-01,"Personal Care, Social Protection and Miscellaneous Goods",135.44456189132384
2024-04-01,"Personal Care, Social Protection and Miscellaneous Goods",135.42237633177686
2024-05-01,"Personal Care, Social Protection and Miscellaneous Goods",135.90319943375877
2024-06-01,"Personal Care, Social Protection and Miscellaneous Goods",136.66076777102782
2024-07-01,"Personal Care, Social Protection and Miscellaneous Goods",137.14541613886496
2024-08-01,"Personal Care, Social Protection and Miscellaneous Goods",137.28448000835613
2024-09-01,"Personal Care, Social Protection and Miscellaneous Goods",137.77278418162948
2024-10-01,"Personal Care, Social Protection and Miscellaneous Goods",137.9963475656206
2024-11-01,"Personal Care, Social Protection and Miscellaneous Goods",137.52268047061798
2024-12-01,"Personal Care, Social Protection and Miscellaneous Goods",137.7599670059709
2025-01-01,"Personal Care, Social Protection and Miscellaneous Goods",137.7557757620944
2025-02-01,"Personal Care, Social Protection and Miscellaneous Goods",137.90491886115527
2025-03-01,"Personal Care, Social Protection and Miscellaneous Goods",137.95769240627652
2025-04-01,"Personal Care, Social Protection and Miscellaneous Goods",138.0900171264487
2025-05-01,"Personal Care, Social Protection and Miscellaneous Goods",138.14732492916124
2025-06-01,"Personal Care, Social Protection and Miscellaneous Goods",138.45965257581426
2025-07-01,"Personal Care, Social Protection and Miscellaneous Goods",139.14420111007047
2025-08-01,"Personal Care, Social Protection and Miscellaneous Goods",140.12596732346123
2025-09-01,"Personal Care, Social Protection and Miscellaneous Goods",139.91601196047532
2025-10-01,"Personal Care, Social Protection and Miscellaneous Goods",139.86123261937715
2025-11-01,"Personal Care, Social Protection and Miscellaneous Goods",140.54667895467344
2025-12-01,"Personal Care, Social Protection and Miscellaneous Goods",140.70322179507005
2026-01-01,"Personal Care, Social Protection and Miscellaneous Goods",140.5073672162536
2026-02-01,"Personal Care, Social Protection and Miscellaneous Goods",140.8962884289133
2026-03-01,"Personal Care, Social Protection and Miscellaneous Goods",140.95600999954792
2026-04-01,"Personal Care, Social Protection and Miscellaneous Goods",140.94156232447918
2026-05-01,"Personal Care, Social Protection and Miscellaneous Goods",141.1218396494463
2026-06-01,"Personal Care, Social Protection and Miscellaneous Goods",141.0897740796285
2026-07-01,"Personal Care, Social Protection and Miscellaneous Goods",141.70010606641566
2026-08-01,"Personal Care, Social Protection and Miscellaneous Goods",141.99895297442163
2017-07-01,Headline (Grand Total),102.28391511657036
2017-08-01,Headline (Grand Total),102.54297221882636
2017-09-01,Headline (Grand Total),103.2125114776846
2017-10-01,Headline (Grand Total),103.51145545502249
2017-11-01,Headline (Grand Total),103.58478206581142
2017-12-01,Headline (Grand Total),103.83570148135026
2018-01-01,Headline (Grand Total),103.68797140845732
2018-02-01,Headline (Grand Total),104.03006245673875
2018-03-01,Headline (Grand Total),104.32732287263012
2018-04-01,Headline (Grand Total),104.84004698149397
2018-05-01,Headline (Grand Total),105.49991009161657
2018-06-01,Headline (Grand Total),105.06293223675566
2018-07-01,Headline (Grand Total),105.41828888092226
2018-08-01,Headline (Grand Total),105.82032106192561
2018-09-01,Headline (Grand Total),106.53382345526465
2018-10-01,Headline (Grand Total),106.4280950544283
2018-11-01,Headline (Grand Total),106.41729255144205
2018-12-01,Headline (Grand Total),106.25370103359307
2019-01-01,Headline (Grand Total),106.36164381188317
2019-02-01,Headline (Grand Total),106.19210774270157
2019-03-01,Headline (Grand Total),107.028433651355
2019-04-01,Headline (Grand Total),107.38517509651453
2019-05-01,Headline (Grand Total),107.72187492799041
2019-06-01,Headline (Grand Total),107.3233748681979
2019-07-01,Headline (Grand Total),107.2697805818003
2019-08-01,Headline (Grand Total),107.79099377031322
2019-09-01,Headline (Grand Total),108.4587351579904
2019-10-01,Headline (Grand Total),108.52560044113743
2019-11-01,Headline (Grand Total),108.51446002752097
2019-12-01,Headline (Grand Total),108.77207508722671
2020-01-01,Headline (Grand Total),109.12111025286382
2020-02-01,Headline (Grand Total),109.34000581407275
2020-03-01,Headline (Grand Total),109.2076448477063
2020-04-01,Headline (Grand Total),110.18703347922153
2020-05-01,Headline (Grand Total),110.58106743056192
2020-06-01,Headline (Grand Total),110.94713759481999
2020-07-01,Headline (Grand Total),110.7430677711273
2020-08-01,Headline (Grand Total),110.99647596746617
2020-09-01,Headline (Grand Total),111.33573306423071
2020-10-01,Headline (Grand Total),111.81295228223223
2020-11-01,Headline (Grand Total),111.23864134486327
2020-12-01,Headline (Grand Total),111.44244143792007
2021-01-01,Headline (Grand Total),111.30949732367691
2021-02-01,Headline (Grand Total),111.84558495945438
2021-03-01,Headline (Grand Total),112.17148684288642
2021-04-01,Headline (Grand Total),112.49424345946665
2021-05-01,Headline (Grand Total),112.66774353230562
2021-06-01,Headline (Grand Total),113.14308445463632
2021-07-01,Headline (Grand Total),113.10048137244225
2021-08-01,Headline (Grand Total),113.06379181599249
2021-09-01,Headline (Grand Total),113.73520885577828
2021-10-01,Headline (Grand Total),113.92818841152044
2021-11-01,Headline (Grand Total),114.13373469223122
2021-12-01,Headline (Grand Total),114.6520844337479
2022-01-01,Headline (Grand Total),114.29872210959509
2022-02-01,Headline (Grand Total),115.41859406121301
2022-03-01,Headline (Grand Total),116.37670992653587
2022-04-01,Headline (Grand Total),117.97752689142716
2022-05-01,Headline (Grand Total),119.72445540542479
2022-06-01,Headline (Grand Total),120.88250917453117
2022-07-01,Headline (Grand Total),122.03627889061478
2022-08-01,Headline (Grand Total),123.24353072904623
2022-09-01,Headline (Grand Total),125.10202610329688
2022-10-01,Headline (Grand Total),126.13083369408952
2022-11-01,Headline (Grand Total),126.2136556355559
2022-12-01,Headline (Grand Total),126.38398885651827
2023-01-01,Headline (Grand Total),126.19160728548135
2023-02-01,Headline (Grand Total),126.04309300495795
2023-03-01,Headline (Grand Total),126.86679743866817
2023-04-01,Headline (Grand Total),127.46711087984401
2023-05-01,Headline (Grand Total),127.12840644465746
2023-06-01,Headline (Grand Total),126.7942056138964
2023-07-01,Headline (Grand Total),126.76068780803445
2023-08-01,Headline (Grand Total),127.51285923116089
2023-09-01,Headline (Grand Total),128.45665048587617
2023-10-01,Headline (Grand Total),129.20271519311828
2023-11-01,Headline (Grand Total),129.5031682867408
2023-12-01,Headline (Grand Total),129.67235286666957
2024-01-01,Headline (Grand Total),129.70828378912393
2024-02-01,Headline (Grand Total),130.36792441099686
2024-03-01,Headline (Grand Total),131.03433848675428
2024-04-01,Headline (Grand Total),131.5305739605117
2024-05-01,Headline (Grand Total),131.727872827432
2024-06-01,Headline (Grand Total),131.7719231399003
2024-07-01,Headline (Grand Total),131.77650511474374
2024-08-01,Headline (Grand Total),132.01611475809196
2024-09-01,Headline (Grand Total),132.34067265776707
2024-10-01,Headline (Grand Total),133.00661181259343
2024-11-01,Headline (Grand Total),133.30927235509546
2024-12-01,Headline (Grand Total),133.9121895074979
2025-01-01,Headline (Grand Total),134.3264853148839
2025-02-01,Headline (Grand Total),135.18608983372744
2025-03-01,Headline (Grand Total),135.43100670149892
2025-04-01,Headline (Grand Total),136.09237872036053
2025-05-01,Headline (Grand Total),136.76633215998467
2025-06-01,Headline (Grand Total),136.90001763705735
2025-07-01,Headline (Grand Total),136.72506029812996
2025-08-01,Headline (Grand Total),136.9713655376713
2025-09-01,Headline (Grand Total),137.61044346324263
2025-10-01,Headline (Grand Total),137.58553042199196
2025-11-01,Headline (Grand Total),137.46496842763605
2025-12-01,Headline (Grand Total),138.10933818139782
2026-01-01,Headline (Grand Total),138.57677305941496
2026-02-01,Headline (Grand Total),139.06047410492033
2026-03-01,Headline (Grand Total),139.2342382072317
2026-04-01,Headline (Grand Total),140.12864045761992
2026-05-01,Headline (Grand Total),141.09013761842616
2026-06-01,Headline (Grand Total),141.96890594098193
2026-07-01,Headline (Grand Total),142.2450069755143
2026-08-01,Headline (Grand Total),142.63845824429825
