date,centre,cpi_index
2017-07-01,National (composite),102.28391511657037
2017-08-01,National (composite),102.54297221882638
2017-09-01,National (composite),103.21251147768461
2017-10-01,National (composite),103.51145545502249
2017-11-01,National (composite),103.58478206581144
2017-12-01,National (composite),103.83570148135023
2018-01-01,National (composite),103.6879714084573
2018-02-01,National (composite),104.03006245673875
2018-03-01,National (composite),104.3273228726301
2018-04-01,National (composite),104.84004698149394
2018-05-01,National (composite),105.4999100916166
2018-06-01,National (composite),105.06293223675567
2018-07-01,National (composite),105.41828888092229
2018-08-01,National (composite),105.82032106192563
2018-09-01,National (composite),106.53382345526467
2018-10-01,National (composite),106.42809505442833
2018-11-01,National (composite),106.41729255144206
2018-12-01,National (composite),106.25370103359309
2019-01-01,National (composite),106.36164381188317
2019-02-01,National (composite),106.19210774270157
2019-03-01,National (composite),107.02843365135502
2019-04-01,National (composite),107.38517509651454
2019-05-01,National (composite),107.72187492799043
2019-06-01,National (composite),107.32337486819794
2019-07-01,National (composite),107.26978058180032
2019-08-01,National (composite),107.79099377031322
2019-09-01,National (composite),108.45873515799042
2019-10-01,National (composite),108.52560044113747
2019-11-01,National (composite),108.51446002752101
2019-12-01,National (composite),108.77207508722672
2020-01-01,National (composite),109.1211102528638
2020-02-01,National (composite),109.34000581407277
2020-03-01,National (composite),109.20764484770629
2020-04-01,National (composite),110.18703347922153
2020-05-01,National (composite),110.58106743056192
2020-06-01,National (composite),110.94713759481999
2020-07-01,National (composite),110.74306777112733
2020-08-01,National (composite),110.99647596746618
2020-09-01,National (composite),111.33573306423072
2020-10-01,National (composite),111.81295228223225
2020-11-01,National (composite),111.23864134486327
2020-12-01,National (composite),111.44244143792005
2021-01-01,National (composite),111.3094973236769
2021-02-01,National (composite),111.84558495945441
2021-03-01,National (composite),112.17148684288644
2021-04-01,National (composite),112.49424345946665
2021-05-01,National (composite),112.66774353230565
2021-06-01,National (composite),113.14308445463637
2021-07-01,National (composite),113.1004813724423
2021-08-01,National (composite),113.0637918159925
2021-09-01,National (composite),113.73520885577834
2021-10-01,National (composite),113.92818841152044
2021-11-01,National (composite),114.13373469223126
2021-12-01,National (composite),114.65208443374793
2022-01-01,National (composite),114.29872210959515
2022-02-01,National (composite),115.41859406121303
2022-03-01,National (composite),116.3767099265359
2022-04-01,National (composite),117.97752689142717
2022-05-01,National (composite),119.72445540542479
2022-06-01,National (composite),120.88250917453114
2022-07-01,National (composite),122.0362788906148
2022-08-01,National (composite),123.24353072904627
2022-09-01,National (composite),125.10202610329692
2022-10-01,National (composite),126.13083369408957
2022-11-01,National (composite),126.21365563555594
2022-12-01,National (composite),126.3839888565183
2023-01-01,National (composite),126.19160728548137
2023-02-01,National (composite),126.04309300495798
2023-03-01,National (composite),126.8667974386682
2023-04-01,National (composite),127.46711087984406
2023-05-01,National (composite),127.12840644465746
2023-06-01,National (composite),126.7942056138964
2023-07-01,National (composite),126.76068780803445
2023-08-01,National (composite),127.51285923116093
2023-09-01,National (composite),128.45665048587617
2023-10-01,National (composite),129.20271519311828
2023-11-01,National (composite),129.50316828674084
2023-12-01,National (composite),129.67235286666957
2024-01-01,National (composite),129.70828378912393
2024-02-01,National (composite),130.36792441099684
2024-03-01,National (composite),131.0343384867543
2024-04-01,National (composite),131.5305739605117
2024-05-01,National (composite),131.727872827432
2024-06-01,National (composite),131.77192313990028
2024-07-01,National (composite),131.77650511474374
2024-08-01,National (composite),132.01611475809196
2024-09-01,National (composite),132.3406726577671
2024-10-01,National (composite),133.00661181259346
2024-11-01,National (composite),133.30927235509546
2024-12-01,National (composite),133.9121895074979
2025-01-01,National (composite),134.32648531488388
2025-02-01,National (composite),135.18608983372744
2025-03-01,National (composite),135.43100670149894
2025-04-01,National (composite),136.0923787203605
2025-05-01,National (composite),136.76633215998467
2025-06-01,National (composite),136.90001763705735
2025-07-01,National (composite),136.72506029812993
2025-08-01,National (composite),136.9713655376713
2025-09-01,National (composite),137.6104434632426
2025-10-01,National (composite),137.58553042199202
2025-11-01,National (composite),137.46496842763608
2025-12-01,National (composite),138.10933818139782
2026-01-01,National (composite),138.57677305941496
2026-02-01,National (composite),139.06047410492033
2026-03-01,National (composite),139.23423820723173
2026-04-01,National (composite),140.12864045761998
2026-05-01,National (composite),141.09013761842618
2026-06-01,National (composite),141.96890594098193
2026-07-01,National (composite),142.24500697551434
2026-08-01,National (composite),142.63845824429828
2017-07-01,Kampala High Income,101.63019323770396
2017-08-01,Kampala High Income,102.25643815134265
2017-09-01,Kampala High Income,103.02885984319585
2017-10-01,Kampala High Income,103.39487707852679
2017-11-01,Kampala High Income,103.5758076139106
2017-12-01,Kampala High Income,104.12531077202718
2018-01-01,Kampala High Income,103.68718159961873
2018-02-01,Kampala High Income,103.69438385018012
2018-03-01,Kampala High Income,104.04287725568953
2018-04-01,Kampala High Income,104.28102264042023
2018-05-01,Kampala High Income,104.7417219233374
2018-06-01,Kampala High Income,104.38362079097489
2018-07-01,Kampala High Income,105.63642691417321
2018-08-01,Kampala High Income,106.5614095042788
2018-09-01,Kampala High Income,106.8264049829333
2018-10-01,Kampala High Income,106.79954256829583
2018-11-01,Kampala High Income,106.90201490136504
2018-12-01,Kampala High Income,107.28149704798753
2019-01-01,Kampala High Income,107.07561939634763
2019-02-01,Kampala High Income,107.10306507955652
2019-03-01,Kampala High Income,108.0198519672404
2019-04-01,Kampala High Income,107.88889808605768
2019-05-01,Kampala High Income,107.8411560140161
2019-06-01,Kampala High Income,107.85522971782437
2019-07-01,Kampala High Income,107.93446997675633
2019-08-01,Kampala High Income,108.69223971939695
2019-09-01,Kampala High Income,108.92504021220202
2019-10-01,Kampala High Income,108.89076141950568
2019-11-01,Kampala High Income,108.65279026717664
2019-12-01,Kampala High Income,109.13737311073132
2020-01-01,Kampala High Income,109.0942697728521
2020-02-01,Kampala High Income,109.2657678364071
2020-03-01,Kampala High Income,109.50604667392616
2020-04-01,Kampala High Income,110.05049635045984
2020-05-01,Kampala High Income,110.36559340556632
2020-06-01,Kampala High Income,110.74814897986249
2020-07-01,Kampala High Income,111.21318578243259
2020-08-01,Kampala High Income,111.01526061793247
2020-09-01,Kampala High Income,111.38609819138983
2020-10-01,Kampala High Income,111.84222636401164
2020-11-01,Kampala High Income,111.71052355504204
2020-12-01,Kampala High Income,112.29282674662143
2021-01-01,Kampala High Income,112.0138239643448
2021-02-01,Kampala High Income,112.38174318987039
2021-03-01,Kampala High Income,112.93197575505633
2021-04-01,Kampala High Income,112.98253266379604
2021-05-01,Kampala High Income,113.78640425219021
2021-06-01,Kampala High Income,114.03639092140087
2021-07-01,Kampala High Income,114.10555616913499
2021-08-01,Kampala High Income,114.15936441592673
2021-09-01,Kampala High Income,114.7945799064283
2021-10-01,Kampala High Income,114.70650787431514
2021-11-01,Kampala High Income,115.0777256070904
2021-12-01,Kampala High Income,115.96174489632595
2022-01-01,Kampala High Income,115.47404859685633
2022-02-01,Kampala High Income,117.0527355437642
2022-03-01,Kampala High Income,117.45548462639029
2022-04-01,Kampala High Income,118.43214015170769
2022-05-01,Kampala High Income,119.6226451462424
2022-06-01,Kampala High Income,120.49232383346589
2022-07-01,Kampala High Income,121.88391904243522
2022-08-01,Kampala High Income,122.89133355275393
2022-09-01,Kampala High Income,124.2824006798545
2022-10-01,Kampala High Income,125.16029199287124
2022-11-01,Kampala High Income,125.56087078224253
2022-12-01,Kampala High Income,125.91322673669497
2023-01-01,Kampala High Income,125.20952717831233
2023-02-01,Kampala High Income,124.97919032923917
2023-03-01,Kampala High Income,125.96275458251148
2023-04-01,Kampala High Income,126.17907853903762
2023-05-01,Kampala High Income,126.05041918821252
2023-06-01,Kampala High Income,125.68061967282122
2023-07-01,Kampala High Income,125.35838994767744
2023-08-01,Kampala High Income,125.97449475156368
2023-09-01,Kampala High Income,126.80454829384267
2023-10-01,Kampala High Income,127.45028673240066
2023-11-01,Kampala High Income,128.43725057928296
2023-12-01,Kampala High Income,129.19524913232752
2024-01-01,Kampala High Income,129.22342174235092
2024-02-01,Kampala High Income,130.4228917195797
2024-03-01,Kampala High Income,131.31214943700292
2024-04-01,Kampala High Income,131.88167071137474
2024-05-01,Kampala High Income,131.8111328322678
2024-06-01,Kampala High Income,132.19905676187278
2024-07-01,Kampala High Income,132.0918271001104
2024-08-01,Kampala High Income,132.0422009795696
2024-09-01,Kampala High Income,131.8544436653757
2024-10-01,Kampala High Income,133.06246527081714
2024-11-01,Kampala High Income,133.66278172316072
2024-12-01,Kampala High Income,134.5236248179918
2025-01-01,Kampala High Income,135.3971326233895
2025-02-01,Kampala High Income,136.71259867531862
2025-03-01,Kampala High Income,136.8982077900015
2025-04-01,Kampala High Income,137.23599922916821
2025-05-01,Kampala High Income,138.11761007113594
2025-06-01,Kampala High Income,138.48742417409974
2025-07-01,Kampala High Income,138.5165150213732
2025-08-01,Kampala High Income,139.034193388292
2025-09-01,Kampala High Income,139.4028547715419
2025-10-01,Kampala High Income,139.5680390655786
2025-11-01,Kampala High Income,139.5599461233238
2025-12-01,Kampala High Income,140.19731228688562
2026-01-01,Kampala High Income,140.83976119556968
2026-02-01,Kampala High Income,141.43032143556434
2026-03-01,Kampala High Income,141.48186308940603
2026-04-01,Kampala High Income,142.39310912217272
2026-05-01,Kampala High Income,143.49836683362108
2026-06-01,Kampala High Income,145.05787537144323
2026-07-01,Kampala High Income,145.45135104813326
2026-08-01,Kampala High Income,145.82465835611254
2017-07-01,Kampala Middle Income,101.64352990531732
2017-08-01,Kampala Middle Income,101.86721631452319
2017-09-01,Kampala Middle Income,101.9456369398628
2017-10-01,Kampala Middle Income,102.5966329672798
2017-11-01,Kampala Middle Income,102.65295779801156
2017-12-01,Kampala Middle Income,102.25148238758655
2018-01-01,Kampala Middle Income,102.46407320512269
2018-02-01,Kampala Middle Income,102.89696627736765
2018-03-01,Kampala Middle Income,103.32220044870579
2018-04-01,Kampala Middle Income,103.67200390825735
2018-05-01,Kampala Middle Income,104.47785349016065
2018-06-01,Kampala Middle Income,103.80748923344018
2018-07-01,Kampala Middle Income,104.32216254032203
2018-08-01,Kampala Middle Income,104.67857370314078
2018-09-01,Kampala Middle Income,105.76571481973836
2018-10-01,Kampala Middle Income,105.8284662202927
2018-11-01,Kampala Middle Income,106.0144887692467
2018-12-01,Kampala Middle Income,105.98857521972482
2019-01-01,Kampala Middle Income,105.35491963107994
2019-02-01,Kampala Middle Income,104.82876535081427
2019-03-01,Kampala Middle Income,105.24282389112022
2019-04-01,Kampala Middle Income,106.33921497450537
2019-05-01,Kampala Middle Income,106.97039946680583
2019-06-01,Kampala Middle Income,106.46553610238468
2019-07-01,Kampala Middle Income,106.62117712811613
2019-08-01,Kampala Middle Income,106.82169472604085
2019-09-01,Kampala Middle Income,107.55617874769729
2019-10-01,Kampala Middle Income,107.3240362421608
2019-11-01,Kampala Middle Income,107.29661896864022
2019-12-01,Kampala Middle Income,107.49908332229599
2020-01-01,Kampala Middle Income,107.64486720516629
2020-02-01,Kampala Middle Income,107.54347329008874
2020-03-01,Kampala Middle Income,107.09915624128753
2020-04-01,Kampala Middle Income,108.078591018696
2020-05-01,Kampala Middle Income,109.05493783914267
2020-06-01,Kampala Middle Income,109.5549389016256
2020-07-01,Kampala Middle Income,108.92480540857764
2020-08-01,Kampala Middle Income,109.59829283414797
2020-09-01,Kampala Middle Income,109.59128944907093
2020-10-01,Kampala Middle Income,109.85963341868475
2020-11-01,Kampala Middle Income,108.90792846678752
2020-12-01,Kampala Middle Income,109.98464974579753
2021-01-01,Kampala Middle Income,110.03256238095366
2021-02-01,Kampala Middle Income,110.19856903620004
2021-03-01,Kampala Middle Income,110.35044031285311
2021-04-01,Kampala Middle Income,110.65786791016234
2021-05-01,Kampala Middle Income,110.83780308760545
2021-06-01,Kampala Middle Income,110.912711831024
2021-07-01,Kampala Middle Income,110.96698821468553
2021-08-01,Kampala Middle Income,110.40328882160837
2021-09-01,Kampala Middle Income,111.10754657185308
2021-10-01,Kampala Middle Income,110.95555042329609
2021-11-01,Kampala Middle Income,111.8316543197986
2021-12-01,Kampala Middle Income,112.3051846504013
2022-01-01,Kampala Middle Income,111.09649532958822
2022-02-01,Kampala Middle Income,112.43701972010864
2022-03-01,Kampala Middle Income,113.67366072780871
2022-04-01,Kampala Middle Income,115.52623235292081
2022-05-01,Kampala Middle Income,117.60835848538521
2022-06-01,Kampala Middle Income,118.15091445031649
2022-07-01,Kampala Middle Income,119.43787981415856
2022-08-01,Kampala Middle Income,120.50071416385627
2022-09-01,Kampala Middle Income,122.94779575016607
2022-10-01,Kampala Middle Income,124.42861864671237
2022-11-01,Kampala Middle Income,125.20200546239121
2022-12-01,Kampala Middle Income,125.44614049322966
2023-01-01,Kampala Middle Income,124.47103977734065
2023-02-01,Kampala Middle Income,124.28820392364503
2023-03-01,Kampala Middle Income,125.50794266679702
2023-04-01,Kampala Middle Income,125.49465936086295
2023-05-01,Kampala Middle Income,125.78217219950197
2023-06-01,Kampala Middle Income,125.26630398945545
2023-07-01,Kampala Middle Income,124.23905579599148
2023-08-01,Kampala Middle Income,125.45111564809044
2023-09-01,Kampala Middle Income,126.03933740656224
2023-10-01,Kampala Middle Income,126.49675186196873
2023-11-01,Kampala Middle Income,126.8420235393858
2023-12-01,Kampala Middle Income,126.83888459045109
2024-01-01,Kampala Middle Income,126.48478249676094
2024-02-01,Kampala Middle Income,126.07187428394569
2024-03-01,Kampala Middle Income,127.27090474011261
2024-04-01,Kampala Middle Income,128.04803030751802
2024-05-01,Kampala Middle Income,128.31472492554107
2024-06-01,Kampala Middle Income,128.70403415505467
2024-07-01,Kampala Middle Income,128.40490550342156
2024-08-01,Kampala Middle Income,128.74074494760444
2024-09-01,Kampala Middle Income,128.3699635488258
2024-10-01,Kampala Middle Income,128.8939349102752
2024-11-01,Kampala Middle Income,129.76797300224894
2024-12-01,Kampala Middle Income,129.90785072725387
2025-01-01,Kampala Middle Income,130.32422672108476
2025-02-01,Kampala Middle Income,131.1846292009103
2025-03-01,Kampala Middle Income,131.10065665274504
2025-04-01,Kampala Middle Income,131.86878868091
2025-05-01,Kampala Middle Income,132.71948707262717
2025-06-01,Kampala Middle Income,132.76185247930948
2025-07-01,Kampala Middle Income,132.07464480728024
2025-08-01,Kampala Middle Income,132.15734550421456
2025-09-01,Kampala Middle Income,133.2497533131344
2025-10-01,Kampala Middle Income,133.00086100349466
2025-11-01,Kampala Middle Income,132.65179708019278
2025-12-01,Kampala Middle Income,133.5733047546622
2026-01-01,Kampala Middle Income,134.18297133803608
2026-02-01,Kampala Middle Income,134.25249858092326
2026-03-01,Kampala Middle Income,134.6028989310161
2026-04-01,Kampala Middle Income,135.3021673528031
2026-05-01,Kampala Middle Income,136.24186182448727
2026-06-01,Kampala Middle Income,136.6717652558767
2026-07-01,Kampala Middle Income,136.8730299399685
2026-08-01,Kampala Middle Income,137.45099170152795
2017-07-01,Kampala Low Income,101.69183011782667
2017-08-01,Kampala Low Income,101.45520717929293
2017-09-01,Kampala Low Income,102.7635144745327
2017-10-01,Kampala Low Income,102.90192683463874
2017-11-01,Kampala Low Income,103.84759223851856
2017-12-01,Kampala Low Income,103.1090635882088
2018-01-01,Kampala Low Income,102.69524552646129
2018-02-01,Kampala Low Income,103.22520390890023
2018-03-01,Kampala Low Income,103.33122750837359
2018-04-01,Kampala Low Income,104.48624132610902
2018-05-01,Kampala Low Income,105.20982083211702
2018-06-01,Kampala Low Income,105.47348669459595
2018-07-01,Kampala Low Income,105.7621844982283
2018-08-01,Kampala Low Income,105.40911321927807
2018-09-01,Kampala Low Income,107.38161302738595
2018-10-01,Kampala Low Income,107.26838488355448
2018-11-01,Kampala Low Income,107.1027159317481
2018-12-01,Kampala Low Income,106.8086138124606
2019-01-01,Kampala Low Income,106.32632641728983
2019-02-01,Kampala Low Income,106.31294245055203
2019-03-01,Kampala Low Income,107.46082852100514
2019-04-01,Kampala Low Income,108.07966922302104
2019-05-01,Kampala Low Income,108.23417974355714
2019-06-01,Kampala Low Income,108.45839350922628
2019-07-01,Kampala Low Income,107.93311030630305
2019-08-01,Kampala Low Income,107.91239450376888
2019-09-01,Kampala Low Income,108.71876789390197
2019-10-01,Kampala Low Income,108.81388067481596
2019-11-01,Kampala Low Income,108.76768400650639
2019-12-01,Kampala Low Income,108.98532087715232
2020-01-01,Kampala Low Income,110.02346409219851
2020-02-01,Kampala Low Income,109.7255313972971
2020-03-01,Kampala Low Income,109.36841717580397
2020-04-01,Kampala Low Income,110.92273071970239
2020-05-01,Kampala Low Income,110.98800664359277
2020-06-01,Kampala Low Income,112.38417044622042
2020-07-01,Kampala Low Income,111.1216632246601
2020-08-01,Kampala Low Income,111.36950058455741
2020-09-01,Kampala Low Income,112.15567193019375
2020-10-01,Kampala Low Income,112.45534999944294
2020-11-01,Kampala Low Income,111.29618982424567
2020-12-01,Kampala Low Income,111.60378713105868
2021-01-01,Kampala Low Income,111.2251869158625
2021-02-01,Kampala Low Income,111.92117147056942
2021-03-01,Kampala Low Income,112.15854138695823
2021-04-01,Kampala Low Income,112.19460134497304
2021-05-01,Kampala Low Income,112.20565112429591
2021-06-01,Kampala Low Income,113.09916772402585
2021-07-01,Kampala Low Income,112.38635335124508
2021-08-01,Kampala Low Income,111.72747963221363
2021-09-01,Kampala Low Income,112.34002220408878
2021-10-01,Kampala Low Income,112.71099168117127
2021-11-01,Kampala Low Income,113.7043271691143
2021-12-01,Kampala Low Income,115.0197418105082
2022-01-01,Kampala Low Income,112.96463760467505
2022-02-01,Kampala Low Income,114.0128911236613
2022-03-01,Kampala Low Income,114.82526258274605
2022-04-01,Kampala Low Income,117.28139693547769
2022-05-01,Kampala Low Income,120.13596889438591
2022-06-01,Kampala Low Income,120.86868792146439
2022-07-01,Kampala Low Income,121.0838350660311
2022-08-01,Kampala Low Income,123.43775865335334
2022-09-01,Kampala Low Income,123.78657879394518
2022-10-01,Kampala Low Income,124.95892786024777
2022-11-01,Kampala Low Income,125.3059051111302
2022-12-01,Kampala Low Income,125.32585167153681
2023-01-01,Kampala Low Income,124.78281734685687
2023-02-01,Kampala Low Income,124.47634419388818
2023-03-01,Kampala Low Income,125.43199418959435
2023-04-01,Kampala Low Income,126.46329643219381
2023-05-01,Kampala Low Income,126.2242416524367
2023-06-01,Kampala Low Income,126.41032909418014
2023-07-01,Kampala Low Income,126.57408795850735
2023-08-01,Kampala Low Income,127.12582611133249
2023-09-01,Kampala Low Income,127.59946578563817
2023-10-01,Kampala Low Income,128.2992780674356
2023-11-01,Kampala Low Income,128.28842243936737
2023-12-01,Kampala Low Income,128.24638250336756
2024-01-01,Kampala Low Income,127.98253806072417
2024-02-01,Kampala Low Income,127.68234766596244
2024-03-01,Kampala Low Income,128.83099983406476
2024-04-01,Kampala Low Income,129.7105460987308
2024-05-01,Kampala Low Income,129.1669417305264
2024-06-01,Kampala Low Income,129.58026463100845
2024-07-01,Kampala Low Income,129.49622351631464
2024-08-01,Kampala Low Income,129.53827873008623
2024-09-01,Kampala Low Income,129.6190234307242
2024-10-01,Kampala Low Income,130.70496671370034
2024-11-01,Kampala Low Income,130.35631229758712
2024-12-01,Kampala Low Income,130.5945360344215
2025-01-01,Kampala Low Income,131.60000761762117
2025-02-01,Kampala Low Income,131.92241620626174
2025-03-01,Kampala Low Income,131.45336207609546
2025-04-01,Kampala Low Income,133.23557240532853
2025-05-01,Kampala Low Income,134.0897253237437
2025-06-01,Kampala Low Income,133.9759965775745
2025-07-01,Kampala Low Income,133.71381140588997
2025-08-01,Kampala Low Income,133.30270647866703
2025-09-01,Kampala Low Income,135.22398532686537
2025-10-01,Kampala Low Income,134.77094434786335
2025-11-01,Kampala Low Income,134.55853015488984
2025-12-01,Kampala Low Income,135.07565482888657
2026-01-01,Kampala Low Income,135.50834391975613
2026-02-01,Kampala Low Income,136.01805199646364
2026-03-01,Kampala Low Income,135.69002281690382
2026-04-01,Kampala Low Income,136.15233614980332
2026-05-01,Kampala Low Income,138.09307741632938
2026-06-01,Kampala Low Income,138.9865084337058
2026-07-01,Kampala Low Income,138.6087922080714
2026-08-01,Kampala Low Income,138.779218973381
2017-07-01,Masaka,102.39248413709406
2017-08-01,Masaka,101.81253689766957
2017-09-01,Masaka,102.8383468711102
2017-10-01,Masaka,103.2429984038566
2017-11-01,Masaka,102.94594502249329
2017-12-01,Masaka,103.42265106183565
2018-01-01,Masaka,103.17353727910316
2018-02-01,Masaka,103.59208464988934
2018-03-01,Masaka,103.68760495151696
2018-04-01,Masaka,104.30431724146686
2018-05-01,Masaka,104.63294445648863
2018-06-01,Masaka,104.36024155606506
2018-07-01,Masaka,104.33567223933336
2018-08-01,Masaka,104.27689808188725
2018-09-01,Masaka,105.81772005610419
2018-10-01,Masaka,105.28412938890953
2018-11-01,Masaka,105.39187308910644
2018-12-01,Masaka,104.94246724158252
2019-01-01,Masaka,105.22551020524239
2019-02-01,Masaka,105.84028895970545
2019-03-01,Masaka,106.70010897009472
2019-04-01,Masaka,106.87814283647387
2019-05-01,Masaka,107.34586010361053
2019-06-01,Masaka,107.50805061547929
2019-07-01,Masaka,106.60197462520892
2019-08-01,Masaka,107.51149317285383
2019-09-01,Masaka,108.9839063332285
2019-10-01,Masaka,108.99484332846033
2019-11-01,Masaka,108.44310027639341
2019-12-01,Masaka,108.41655367981207
2020-01-01,Masaka,109.68579742375113
2020-02-01,Masaka,110.23044379627778
2020-03-01,Masaka,109.52981504470411
2020-04-01,Masaka,110.9215209220912
2020-05-01,Masaka,111.79183006317723
2020-06-01,Masaka,112.27526383319565
2020-07-01,Masaka,111.65251154200149
2020-08-01,Masaka,112.61361026011377
2020-09-01,Masaka,113.21519618490237
2020-10-01,Masaka,113.56308137554511
2020-11-01,Masaka,112.77590527915956
2020-12-01,Masaka,112.65628708838655
2021-01-01,Masaka,112.61128754370304
2021-02-01,Masaka,112.67268512042645
2021-03-01,Masaka,113.48495793856607
2021-04-01,Masaka,114.01073529872122
2021-05-01,Masaka,113.28352412334797
2021-06-01,Masaka,113.809935964047
2021-07-01,Masaka,114.41921687049339
2021-08-01,Masaka,115.4001649343442
2021-09-01,Masaka,115.97212001472955
2021-10-01,Masaka,116.18211141591962
2021-11-01,Masaka,116.08805648229573
2021-12-01,Masaka,115.91800783301225
2022-01-01,Masaka,115.88366788846609
2022-02-01,Masaka,116.66301242741115
2022-03-01,Masaka,117.41613465842147
2022-04-01,Masaka,119.12106916302709
2022-05-01,Masaka,120.88591420407667
2022-06-01,Masaka,121.90598536401468
2022-07-01,Masaka,123.4449760151368
2022-08-01,Masaka,124.83632754755054
2022-09-01,Masaka,127.19809594358007
2022-10-01,Masaka,128.1173805315415
2022-11-01,Masaka,126.96219145658617
2022-12-01,Masaka,127.40988280902252
2023-01-01,Masaka,127.60672500227692
2023-02-01,Masaka,126.41653551590431
2023-03-01,Masaka,127.61768741725294
2023-04-01,Masaka,127.9106268667719
2023-05-01,Masaka,127.52107168633086
2023-06-01,Masaka,127.19116301815517
2023-07-01,Masaka,128.34431459688722
2023-08-01,Masaka,128.87113237784232
2023-09-01,Masaka,130.36968035211527
2023-10-01,Masaka,131.83646451364743
2023-11-01,Masaka,130.94761117454757
2023-12-01,Masaka,130.72252820172454
2024-01-01,Masaka,131.38072994376017
2024-02-01,Masaka,131.91374039436027
2024-03-01,Masaka,132.30028004853764
2024-04-01,Masaka,131.7801411614808
2024-05-01,Masaka,132.06839802032863
2024-06-01,Masaka,132.30997600929047
2024-07-01,Masaka,133.31625718411365
2024-08-01,Masaka,133.9551600884634
2024-09-01,Masaka,134.97580396971514
2024-10-01,Masaka,135.9524083008835
2024-11-01,Masaka,135.96843611059896
2024-12-01,Masaka,137.36740345547236
2025-01-01,Masaka,136.77412551793344
2025-02-01,Masaka,137.41677687681656
2025-03-01,Masaka,137.6976955009389
2025-04-01,Masaka,138.40603504838563
2025-05-01,Masaka,139.01865918866156
2025-06-01,Masaka,139.49260390131735
2025-07-01,Masaka,140.1318445376086
2025-08-01,Masaka,140.116178639118
2025-09-01,Masaka,141.34052957617618
2025-10-01,Masaka,141.55260298855245
2025-11-01,Masaka,141.6943504295979
2025-12-01,Masaka,142.4523423127512
2026-01-01,Masaka,142.23709522839263
2026-02-01,Masaka,142.57672294364505
2026-03-01,Masaka,142.69633575132553
2026-04-01,Masaka,144.0178346347675
2026-05-01,Masaka,144.42289703659566
2026-06-01,Masaka,145.15585621792488
2026-07-01,Masaka,145.89572419809974
2026-08-01,Masaka,145.69166767685542
2017-07-01,Mbarara,102.16029447862526
2017-08-01,Mbarara,102.43597779207968
2017-09-01,Mbarara,102.98905808112288
2017-10-01,Mbarara,103.78479095856133
2017-11-01,Mbarara,103.42263615409205
2017-12-01,Mbarara,103.97174182052511
2018-01-01,Mbarara,104.21928035553069
2018-02-01,Mbarara,104.0918500298406
2018-03-01,Mbarara,104.24972785769526
2018-04-01,Mbarara,105.0231942793343
2018-05-01,Mbarara,105.069388127529
2018-06-01,Mbarara,104.57703494191242
2018-07-01,Mbarara,104.45273894315915
2018-08-01,Mbarara,105.46956627810624
2018-09-01,Mbarara,107.24468831396975
2018-10-01,Mbarara,106.89596176993813
2018-11-01,Mbarara,106.19004863421517
2018-12-01,Mbarara,105.30074276625369
2019-01-01,Mbarara,105.2607275563165
2019-02-01,Mbarara,106.16531214242889
2019-03-01,Mbarara,106.87652431310157
2019-04-01,Mbarara,106.92794431705585
2019-05-01,Mbarara,107.09126974692366
2019-06-01,Mbarara,106.77067066668863
2019-07-01,Mbarara,106.33594426305869
2019-08-01,Mbarara,107.52962793799459
2019-09-01,Mbarara,108.57081567827132
2019-10-01,Mbarara,108.69552539645389
2019-11-01,Mbarara,108.25931369265834
2019-12-01,Mbarara,108.87412994871862
2020-01-01,Mbarara,108.8777376187692
2020-02-01,Mbarara,108.9296949866993
2020-03-01,Mbarara,108.33525530766876
2020-04-01,Mbarara,108.94339959736843
2020-05-01,Mbarara,108.66907046524896
2020-06-01,Mbarara,108.85571479628277
2020-07-01,Mbarara,110.19576653013033
2020-08-01,Mbarara,111.30922415489619
2020-09-01,Mbarara,111.87375157397054
2020-10-01,Mbarara,111.8350227729964
2020-11-01,Mbarara,111.12153903811529
2020-12-01,Mbarara,110.93369979515157
2021-01-01,Mbarara,110.55501066807182
2021-02-01,Mbarara,111.6561567878972
2021-03-01,Mbarara,111.68433018582623
2021-04-01,Mbarara,111.96751831942045
2021-05-01,Mbarara,111.58374307469916
2021-06-01,Mbarara,113.08007126298021
2021-07-01,Mbarara,112.581011458179
2021-08-01,Mbarara,111.83665118049565
2021-09-01,Mbarara,112.59933758517236
2021-10-01,Mbarara,113.1933625931883
2021-11-01,Mbarara,112.48815218237007
2021-12-01,Mbarara,113.0334702629283
2022-01-01,Mbarara,113.36833983378992
2022-02-01,Mbarara,113.7818595164101
2022-03-01,Mbarara,115.67524002894629
2022-04-01,Mbarara,116.62068166755009
2022-05-01,Mbarara,118.09569483831619
2022-06-01,Mbarara,118.35047973879824
2022-07-01,Mbarara,119.75873204962677
2022-08-01,Mbarara,121.84403006422933
2022-09-01,Mbarara,123.58459374458447
2022-10-01,Mbarara,124.25203353599723
2022-11-01,Mbarara,123.71252987759516
2022-12-01,Mbarara,123.94477911711434
2023-01-01,Mbarara,124.61693709319096
2023-02-01,Mbarara,123.86317967644739
2023-03-01,Mbarara,125.03227947700724
2023-04-01,Mbarara,125.57010779895488
2023-05-01,Mbarara,123.88711751890139
2023-06-01,Mbarara,123.35654881449713
2023-07-01,Mbarara,123.82799400559534
2023-08-01,Mbarara,124.8414827202014
2023-09-01,Mbarara,126.95920699130211
2023-10-01,Mbarara,126.98301444512704
2023-11-01,Mbarara,126.8501905613725
2023-12-01,Mbarara,127.47822832696384
2024-01-01,Mbarara,127.78922252579777
2024-02-01,Mbarara,128.34634074745085
2024-03-01,Mbarara,128.296855417633
2024-04-01,Mbarara,128.86985761839145
2024-05-01,Mbarara,128.96837343547284
2024-06-01,Mbarara,128.30775375563573
2024-07-01,Mbarara,128.7414394020689
2024-08-01,Mbarara,129.79143929586965
2024-09-01,Mbarara,131.96556538125913
2024-10-01,Mbarara,132.28649379722987
2024-11-01,Mbarara,132.00829815201524
2024-12-01,Mbarara,132.83356076971762
2025-01-01,Mbarara,133.00072832727798
2025-02-01,Mbarara,132.87805196602062
2025-03-01,Mbarara,133.04538471545075
2025-04-01,Mbarara,134.3370452812523
2025-05-01,Mbarara,134.6891197651548
2025-06-01,Mbarara,134.35486329583614
2025-07-01,Mbarara,134.2311057573155
2025-08-01,Mbarara,135.03927463636938
2025-09-01,Mbarara,135.94808761683987
2025-10-01,Mbarara,136.17984776905135
2025-11-01,Mbarara,135.92951307521133
2025-12-01,Mbarara,136.28428528527576
2026-01-01,Mbarara,136.84432273349373
2026-02-01,Mbarara,136.86895987417705
2026-03-01,Mbarara,137.05042115249472
2026-04-01,Mbarara,138.36026663570902
2026-05-01,Mbarara,138.0325994772668
2026-06-01,Mbarara,137.86361461094347
2026-07-01,Mbarara,138.53423449876587
2026-08-01,Mbarara,138.90667179090244
2017-07-01,Jinja,101.69773230060305
2017-08-01,Jinja,101.91660396610436
2017-09-01,Jinja,102.34054988081415
2017-10-01,Jinja,102.65913038333869
2017-11-01,Jinja,102.87372232557965
2017-12-01,Jinja,103.25611863913134
2018-01-01,Jinja,103.85159717178527
2018-02-01,Jinja,104.68704913569788
2018-03-01,Jinja,104.66687744198153
2018-04-01,Jinja,105.68023985668849
2018-05-01,Jinja,106.2015522603852
2018-06-01,Jinja,106.18672957468567
2018-07-01,Jinja,105.79879328132533
2018-08-01,Jinja,105.68521720596429
2018-09-01,Jinja,106.73990410437499
2018-10-01,Jinja,106.59162055929461
2018-11-01,Jinja,105.9924703310152
2018-12-01,Jinja,104.56063911313112
2019-01-01,Jinja,107.41378609650374
2019-02-01,Jinja,104.82632062728308
2019-03-01,Jinja,106.30632841350965
2019-04-01,Jinja,106.36390908435881
2019-05-01,Jinja,107.8265024504969
2019-06-01,Jinja,106.42734637962624
2019-07-01,Jinja,106.01862188304645
2019-08-01,Jinja,105.8473429731194
2019-09-01,Jinja,106.58102433408828
2019-10-01,Jinja,106.19523303857984
2019-11-01,Jinja,107.07231971761097
2019-12-01,Jinja,107.32044213290818
2020-01-01,Jinja,108.22870788105483
2020-02-01,Jinja,108.72361980907489
2020-03-01,Jinja,108.5679798268647
2020-04-01,Jinja,108.84304001240811
2020-05-01,Jinja,110.44930387230946
2020-06-01,Jinja,111.08520525536254
2020-07-01,Jinja,109.64559362853527
2020-08-01,Jinja,109.87559864307389
2020-09-01,Jinja,109.63424227408403
2020-10-01,Jinja,109.64419049899452
2020-11-01,Jinja,109.8744062803467
2020-12-01,Jinja,109.29923267751133
2021-01-01,Jinja,110.18113196394656
2021-02-01,Jinja,110.23804601983288
2021-03-01,Jinja,110.95832131077458
2021-04-01,Jinja,112.17717548425924
2021-05-01,Jinja,111.47476234578268
2021-06-01,Jinja,112.25840127767101
2021-07-01,Jinja,111.66972871623862
2021-08-01,Jinja,111.36074906228737
2021-09-01,Jinja,111.66681699976859
2021-10-01,Jinja,111.6659031627712
2021-11-01,Jinja,111.84441514097338
2021-12-01,Jinja,112.09266478068083
2022-01-01,Jinja,111.97679213243963
2022-02-01,Jinja,111.98024625540081
2022-03-01,Jinja,113.81427361934273
2022-04-01,Jinja,116.39824463336171
2022-05-01,Jinja,117.73775153677
2022-06-01,Jinja,120.85919368348486
2022-07-01,Jinja,121.44763096144462
2022-08-01,Jinja,121.33978359748797
2022-09-01,Jinja,123.95740901994687
2022-10-01,Jinja,123.95542560675166
2022-11-01,Jinja,124.2224953251195
2022-12-01,Jinja,124.3312581339995
2023-01-01,Jinja,124.89748004691128
2023-02-01,Jinja,125.00028014245507
2023-03-01,Jinja,125.85120956250961
2023-04-01,Jinja,127.10669920390532
2023-05-01,Jinja,125.48906538641398
2023-06-01,Jinja,124.93152047398134
2023-07-01,Jinja,126.19804264763324
2023-08-01,Jinja,126.23870832388994
2023-09-01,Jinja,128.209273757213
2023-10-01,Jinja,128.8037108287005
2023-11-01,Jinja,129.16048689414106
2023-12-01,Jinja,130.00513733111762
2024-01-01,Jinja,129.11669131298802
2024-02-01,Jinja,129.7880218637251
2024-03-01,Jinja,129.7917653590488
2024-04-01,Jinja,131.12628658771516
2024-05-01,Jinja,131.83318080569353
2024-06-01,Jinja,130.7895650247538
2024-07-01,Jinja,130.90806601728784
2024-08-01,Jinja,131.02119050086228
2024-09-01,Jinja,131.7806911242864
2024-10-01,Jinja,131.52776664262808
2024-11-01,Jinja,131.22219371350297
2024-12-01,Jinja,132.34087642835388
2025-01-01,Jinja,133.13833275027432
2025-02-01,Jinja,133.18606414918108
2025-03-01,Jinja,134.16730475793088
2025-04-01,Jinja,135.42584718758891
2025-05-01,Jinja,135.75282934326822
2025-06-01,Jinja,135.79980275014117
2025-07-01,Jinja,135.42892713474575
2025-08-01,Jinja,135.02753691468294
2025-09-01,Jinja,135.6179859649431
2025-10-01,Jinja,135.1522524119958
2025-11-01,Jinja,135.2118909350213
2025-12-01,Jinja,136.0676863464012
2026-01-01,Jinja,136.80534873685502
2026-02-01,Jinja,137.34325982184598
2026-03-01,Jinja,138.20052099625818
2026-04-01,Jinja,138.78360254477198
2026-05-01,Jinja,140.14776511870045
2026-06-01,Jinja,140.865924984573
2026-07-01,Jinja,141.09303336825178
2026-08-01,Jinja,141.45667905286103
2017-07-01,Mbale,103.29208847041357
2017-08-01,Mbale,103.47486235954955
2017-09-01,Mbale,103.44399021932185
2017-10-01,Mbale,103.50084947422019
2017-11-01,Mbale,103.9907593039451
2017-12-01,Mbale,103.73068329525952
2018-01-01,Mbale,103.78562771812764
2018-02-01,Mbale,103.8490608632301
2018-03-01,Mbale,105.15677569596515
2018-04-01,Mbale,105.60127163819868
2018-05-01,Mbale,106.27308315812685
2018-06-01,Mbale,105.7727339814117
2018-07-01,Mbale,105.70868176813573
2018-08-01,Mbale,105.17542137606004
2018-09-01,Mbale,105.13583307633111
2018-10-01,Mbale,104.99900292122659
2018-11-01,Mbale,106.3743138111312
2018-12-01,Mbale,104.74967196558052
2019-01-01,Mbale,105.52319151387474
2019-02-01,Mbale,105.0017009624606
2019-03-01,Mbale,105.23932345743233
2019-04-01,Mbale,106.09860569835931
2019-05-01,Mbale,107.48122446307308
2019-06-01,Mbale,106.80361536796121
2019-07-01,Mbale,107.1648066558069
2019-08-01,Mbale,106.59726718101375
2019-09-01,Mbale,106.62599868324908
2019-10-01,Mbale,106.65159288838811
2019-11-01,Mbale,107.07321596814782
2019-12-01,Mbale,107.26719922718573
2020-01-01,Mbale,107.44771607736334
2020-02-01,Mbale,108.41635633149205
2020-03-01,Mbale,108.26097215149473
2020-04-01,Mbale,109.57188658468858
2020-05-01,Mbale,109.74488713733061
2020-06-01,Mbale,110.26067689602529
2020-07-01,Mbale,108.96931940060823
2020-08-01,Mbale,109.16949810990941
2020-09-01,Mbale,109.10871674907152
2020-10-01,Mbale,109.84243953320328
2020-11-01,Mbale,108.3744108046016
2020-12-01,Mbale,107.9924707750968
2021-01-01,Mbale,108.6616988879134
2021-02-01,Mbale,109.53057707473559
2021-03-01,Mbale,110.08292382284901
2021-04-01,Mbale,110.87688440857242
2021-05-01,Mbale,110.10892178620989
2021-06-01,Mbale,111.29035687894839
2021-07-01,Mbale,110.76883307601078
2021-08-01,Mbale,111.03909122038866
2021-09-01,Mbale,111.40558005144347
2021-10-01,Mbale,112.0480675921019
2021-11-01,Mbale,112.14239299382653
2021-12-01,Mbale,112.08255684758667
2022-01-01,Mbale,112.94012275201082
2022-02-01,Mbale,113.77960370114182
2022-03-01,Mbale,115.41426192970094
2022-04-01,Mbale,117.17942046985453
2022-05-01,Mbale,119.51032446446258
2022-06-01,Mbale,121.58346938940274
2022-07-01,Mbale,122.9111490947738
2022-08-01,Mbale,124.09797816816231
2022-09-01,Mbale,125.38051653814463
2022-10-01,Mbale,126.92207371254014
2022-11-01,Mbale,126.04446206990757
2022-12-01,Mbale,124.86126558077211
2023-01-01,Mbale,125.49309437707285
2023-02-01,Mbale,125.85715785336275
2023-03-01,Mbale,126.21209642693566
2023-04-01,Mbale,126.97116619310886
2023-05-01,Mbale,127.24971331305075
2023-06-01,Mbale,127.51509803435883
2023-07-01,Mbale,127.94974111720846
2023-08-01,Mbale,128.6426033367594
2023-09-01,Mbale,128.40131955552843
2023-10-01,Mbale,128.91052876037188
2023-11-01,Mbale,128.2346510285969
2023-12-01,Mbale,127.61801442862038
2024-01-01,Mbale,127.56078597718682
2024-02-01,Mbale,127.30379322856797
2024-03-01,Mbale,127.93895396571955
2024-04-01,Mbale,128.76591456727957
2024-05-01,Mbale,130.73604481549273
2024-06-01,Mbale,129.795235918519
2024-07-01,Mbale,130.3389116277657
2024-08-01,Mbale,130.43116605455722
2024-09-01,Mbale,130.60112487687223
2024-10-01,Mbale,130.44666188978618
2024-11-01,Mbale,130.0091604029075
2024-12-01,Mbale,130.11923399681237
2025-01-01,Mbale,130.04942772152833
2025-02-01,Mbale,130.09813678937928
2025-03-01,Mbale,130.44678199156692
2025-04-01,Mbale,130.95192639905667
2025-05-01,Mbale,131.39332567549295
2025-06-01,Mbale,130.69699144920781
2025-07-01,Mbale,130.6621997030032
2025-08-01,Mbale,130.48918160468847
2025-09-01,Mbale,131.14603650157167
2025-10-01,Mbale,131.22853559226704
2025-11-01,Mbale,130.91390367819014
2025-12-01,Mbale,131.41548559467154
2026-01-01,Mbale,131.90811644077831
2026-02-01,Mbale,131.90061134590206
2026-03-01,Mbale,131.8306691211823
2026-04-01,Mbale,132.32669632055658
2026-05-01,Mbale,133.63457887879824
2026-06-01,Mbale,134.56737163490752
2026-07-01,Mbale,135.65174822277777
2026-08-01,Mbale,136.16064752462006
2017-07-01,Gulu,103.75957763367958
2017-08-01,Gulu,103.19487787864882
2017-09-01,Gulu,104.8554910505201
2017-10-01,Gulu,103.79593956233953
2017-11-01,Gulu,102.5559781022972
2017-12-01,Gulu,102.3844170135716
2018-01-01,Gulu,102.67706622543788
2018-02-01,Gulu,103.7999597185723
2018-03-01,Gulu,103.50768467712129
2018-04-01,Gulu,104.61266038358761
2018-05-01,Gulu,106.33001426653401
2018-06-01,Gulu,106.91415680759543
2018-07-01,Gulu,106.69294353580803
2018-08-01,Gulu,106.63300212288831
2018-09-01,Gulu,106.88465216987915
2018-10-01,Gulu,105.80269839397334
2018-11-01,Gulu,105.57860512320089
2018-12-01,Gulu,106.36936349773964
2019-01-01,Gulu,107.40071174104375
2019-02-01,Gulu,106.47447326220703
2019-03-01,Gulu,108.17922595799598
2019-04-01,Gulu,108.77254567702032
2019-05-01,Gulu,109.46899732432547
2019-06-01,Gulu,108.6173487431172
2019-07-01,Gulu,108.75198129515066
2019-08-01,Gulu,108.69242790274457
2019-09-01,Gulu,111.20087435527901
2019-10-01,Gulu,111.43920591560467
2019-11-01,Gulu,111.55943855520164
2019-12-01,Gulu,111.24720871255288
2020-01-01,Gulu,111.30270886221868
2020-02-01,Gulu,112.04219542829229
2020-03-01,Gulu,113.16871898203227
2020-04-01,Gulu,114.2272866662717
2020-05-01,Gulu,114.06619571766575
2020-06-01,Gulu,113.29492086685902
2020-07-01,Gulu,113.67566672402288
2020-08-01,Gulu,113.71479779246596
2020-09-01,Gulu,115.51123528421192
2020-10-01,Gulu,116.5627552394359
2020-11-01,Gulu,115.64601544723297
2020-12-01,Gulu,114.62346993981505
2021-01-01,Gulu,113.51554789986588
2021-02-01,Gulu,114.37865642628704
2021-03-01,Gulu,114.49755330575606
2021-04-01,Gulu,114.94896505347302
2021-05-01,Gulu,115.13738638899343
2021-06-01,Gulu,114.95140507947254
2021-07-01,Gulu,115.71912126156164
2021-08-01,Gulu,116.61056369543049
2021-09-01,Gulu,118.44114583199136
2021-10-01,Gulu,118.13460009441366
2021-11-01,Gulu,118.3061551331855
2021-12-01,Gulu,118.57071142624812
2022-01-01,Gulu,118.61290897160401
2022-02-01,Gulu,119.44489259037927
2022-03-01,Gulu,120.79327745053685
2022-04-01,Gulu,122.82379232149697
2022-05-01,Gulu,124.75529469697494
2022-06-01,Gulu,126.87142267372874
2022-07-01,Gulu,128.2207877541632
2022-08-01,Gulu,130.24985377605094
2022-09-01,Gulu,132.89856817273
2022-10-01,Gulu,133.2282708986654
2022-11-01,Gulu,133.4619805444403
2022-12-01,Gulu,132.7974209137175
2023-01-01,Gulu,133.35359937302593
2023-02-01,Gulu,134.08402088887422
2023-03-01,Gulu,133.43632523506477
2023-04-01,Gulu,135.22026494880578
2023-05-01,Gulu,134.51266489410605
2023-06-01,Gulu,134.2000556156489
2023-07-01,Gulu,135.2252083715679
2023-08-01,Gulu,135.54480855130674
2023-09-01,Gulu,136.03566081223735
2023-10-01,Gulu,137.49298069735445
2023-11-01,Gulu,136.3541588805598
2023-12-01,Gulu,134.59107307733663
2024-01-01,Gulu,135.74532352987808
2024-02-01,Gulu,136.80517599731763
2024-03-01,Gulu,137.4996223180993
2024-04-01,Gulu,137.58584764618493
2024-05-01,Gulu,138.29828746608297
2024-06-01,Gulu,137.94620888771212
2024-07-01,Gulu,137.97545856272848
2024-08-01,Gulu,138.07811996732187
2024-09-01,Gulu,138.95685723032176
2024-10-01,Gulu,139.02636917056046
2024-11-01,Gulu,139.06923601455387
2024-12-01,Gulu,138.44350169679635
2025-01-01,Gulu,138.65253402507867
2025-02-01,Gulu,139.41967471936198
2025-03-01,Gulu,140.20282692351014
2025-04-01,Gulu,140.63983272273683
2025-05-01,Gulu,140.59305433921742
2025-06-01,Gulu,141.06978862917785
2025-07-01,Gulu,140.97253867020004
2025-08-01,Gulu,141.52372722058547
2025-09-01,Gulu,141.65954891544408
2025-10-01,Gulu,141.0740760882272
2025-11-01,Gulu,140.48316163242194
2025-12-01,Gulu,141.0368663632645
2026-01-01,Gulu,141.79331505392446
2026-02-01,Gulu,142.70622652317968
2026-03-01,Gulu,142.96143877418643
2026-04-01,Gulu,144.78502546559525
2026-05-01,Gulu,145.919563361405
2026-06-01,Gulu,145.99658782875773
2026-07-01,Gulu,145.6777441449959
2026-08-01,Gulu,145.73587894494275
2017-07-01,Arua,105.62194798426029
2017-08-01,Arua,106.47787951195237
2017-09-01,Arua,107.08599851243052
2017-10-01,Arua,106.24709722907342
2017-11-01,Arua,105.81820538438171
2017-12-01,Arua,105.17034746260197
2018-01-01,Arua,107.38796174872621
2018-02-01,Arua,107.53069851534454
2018-03-01,Arua,106.368117144852
2018-04-01,Arua,105.58942883813539
2018-05-01,Arua,108.41783935926226
2018-06-01,Arua,106.91819323406754
2018-07-01,Arua,106.00651721702181
2018-08-01,Arua,107.11763423822131
2018-09-01,Arua,107.1118059342726
2018-10-01,Arua,105.62401441608071
2018-11-01,Arua,105.54028929434614
2018-12-01,Arua,105.31702198198136
2019-01-01,Arua,106.01744326607123
2019-02-01,Arua,107.54060337799451
2019-03-01,Arua,107.03528621574542
2019-04-01,Arua,107.42016452890833
2019-05-01,Arua,108.88437136188597
2019-06-01,Arua,107.41290432377673
2019-07-01,Arua,108.67998720784698
2019-08-01,Arua,108.94346915436182
2019-09-01,Arua,108.63313512117236
2019-10-01,Arua,108.15774575934694
2019-11-01,Arua,108.26149073965877
2019-12-01,Arua,108.10305113436247
2020-01-01,Arua,109.81957195069673
2020-02-01,Arua,110.79353455421274
2020-03-01,Arua,110.3647483853003
2020-04-01,Arua,113.63809958969024
2020-05-01,Arua,114.60749271285378
2020-06-01,Arua,112.49600307913784
2020-07-01,Arua,112.12377357419935
2020-08-01,Arua,112.23502523524901
2020-09-01,Arua,112.31872228166829
2020-10-01,Arua,112.9602318330067
2020-11-01,Arua,112.07959422226571
2020-12-01,Arua,111.75049187040342
2021-01-01,Arua,111.58983296446867
2021-02-01,Arua,113.90844020244874
2021-03-01,Arua,113.47346967976995
2021-04-01,Arua,114.84518704554108
2021-05-01,Arua,113.9235365500596
2021-06-01,Arua,115.00220570221535
2021-07-01,Arua,114.94123791573058
2021-08-01,Arua,115.46775996156434
2021-09-01,Arua,114.2313783592408
2021-10-01,Arua,115.92710239557947
2021-11-01,Arua,115.59696412541936
2021-12-01,Arua,115.72152745681537
2022-01-01,Arua,116.59853964332564
2022-02-01,Arua,118.28538879251133
2022-03-01,Arua,118.4495005610259
2022-04-01,Arua,120.60471980817113
2022-05-01,Arua,121.97393573006728
2022-06-01,Arua,126.27926135446963
2022-07-01,Arua,127.18727096798722
2022-08-01,Arua,127.43905121977184
2022-09-01,Arua,130.65451202737648
2022-10-01,Arua,131.46653000504293
2022-11-01,Arua,130.90256861420013
2022-12-01,Arua,130.03853013607713
2023-01-01,Arua,131.91872467886986
2023-02-01,Arua,134.5645202605295
2023-03-01,Arua,134.5065550041508
2023-04-01,Arua,135.0196025969686
2023-05-01,Arua,136.10021472941662
2023-06-01,Arua,135.4519795047575
2023-07-01,Arua,135.72719614755576
2023-08-01,Arua,135.60217232127422
2023-09-01,Arua,136.1401385304435
2023-10-01,Arua,136.13093241909598
2023-11-01,Arua,135.7962011233833
2023-12-01,Arua,137.14417705323478
2024-01-01,Arua,139.33064775427425
2024-02-01,Arua,139.70967219756838
2024-03-01,Arua,139.8183065870077
2024-04-01,Arua,139.45083022253806
2024-05-01,Arua,139.2381320290566
2024-06-01,Arua,139.7459897636734
2024-07-01,Arua,139.869774432785
2024-08-01,Arua,139.9354523519489
2024-09-01,Arua,140.3771996197422
2024-10-01,Arua,140.01281143416298
2024-11-01,Arua,141.16878878317618
2024-12-01,Arua,140.4549763528649
2025-01-01,Arua,142.52303061673686
2025-02-01,Arua,142.78974145791037
2025-03-01,Arua,143.1890924067725
2025-04-01,Arua,143.59373499999137
2025-05-01,Arua,143.23945739033567
2025-06-01,Arua,144.24054480183284
2025-07-01,Arua,143.36893929554967
2025-08-01,Arua,143.310218091474
2025-09-01,Arua,142.4222265141016
2025-10-01,Arua,141.93546928584774
2025-11-01,Arua,142.5326128183108
2025-12-01,Arua,142.589721775899
2026-01-01,Arua,144.3720283459809
2026-02-01,Arua,144.33607282069374
2026-03-01,Arua,144.48835441965429
2026-04-01,Arua,145.38887089682083
2026-05-01,Arua,146.67365339599567
2026-06-01,Arua,147.34190077668836
2026-07-01,Arua,147.36877065961397
2026-08-01,Arua,148.21386973699094
2017-07-01,Fortportal,104.15896525322056
2017-08-01,Fortportal,104.43649060713601
2017-09-01,Fortportal,105.01950009340592
2017-10-01,Fortportal,105.62678735894615
2017-11-01,Fortportal,106.23640777742264
2017-12-01,Fortportal,107.65330115034199
2018-01-01,Fortportal,105.97976397354704
2018-02-01,Fortportal,107.20367631732317
2018-03-01,Fortportal,107.97622885145293
2018-04-01,Fortportal,108.75918808381185
2018-05-01,Fortportal,109.32081234969843
2018-06-01,Fortportal,107.5336144083473
2018-07-01,Fortportal,106.27351420994465
2018-08-01,Fortportal,105.94974002945344
2018-09-01,Fortportal,106.17594603399723
2018-10-01,Fortportal,107.42323032349896
2018-11-01,Fortportal,106.91051028972794
2018-12-01,Fortportal,106.50203546244424
2019-01-01,Fortportal,106.19169419706759
2019-02-01,Fortportal,106.1606686196277
2019-03-01,Fortportal,106.98527493289592
2019-04-01,Fortportal,108.03913533705851
2019-05-01,Fortportal,107.3384035105357
2019-06-01,Fortportal,106.07071702715493
2019-07-01,Fortportal,105.7687216692448
2019-08-01,Fortportal,107.23952866103906
2019-09-01,Fortportal,107.78369969822792
2019-10-01,Fortportal,109.27586967098827
2019-11-01,Fortportal,110.03302675378215
2019-12-01,Fortportal,109.92111167552083
2020-01-01,Fortportal,111.06120186933674
2020-02-01,Fortportal,110.89841478171824
2020-03-01,Fortportal,109.80831202613972
2020-04-01,Fortportal,111.83145769818401
2020-05-01,Fortportal,111.62603675497184
2020-06-01,Fortportal,112.53269500561434
2020-07-01,Fortportal,110.8923617123085
2020-08-01,Fortportal,111.19966988284726
2020-09-01,Fortportal,110.82199371681727
2020-10-01,Fortportal,112.21218019329369
2020-11-01,Fortportal,111.61351474378888
2020-12-01,Fortportal,111.40958681684435
2021-01-01,Fortportal,111.42956239772788
2021-02-01,Fortportal,112.21923528891467
2021-03-01,Fortportal,111.85308760381766
2021-04-01,Fortportal,111.97778566274762
2021-05-01,Fortportal,112.54131478501775
2021-06-01,Fortportal,112.8485000979525
2021-07-01,Fortportal,112.76448570516656
2021-08-01,Fortportal,112.7823193820931
2021-09-01,Fortportal,113.75637927958412
2021-10-01,Fortportal,114.98853415033763
2021-11-01,Fortportal,114.1237290165489
2021-12-01,Fortportal,113.97046745414119
2022-01-01,Fortportal,114.23050013465377
2022-02-01,Fortportal,115.12196982783003
2022-03-01,Fortportal,115.98194592932308
2022-04-01,Fortportal,118.43596628076904
2022-05-01,Fortportal,121.32714646721433
2022-06-01,Fortportal,122.15048349228036
2022-07-01,Fortportal,122.34866977139582
2022-08-01,Fortportal,123.37873199537603
2022-09-01,Fortportal,125.84964340757983
2022-10-01,Fortportal,128.19774855579553
2022-11-01,Fortportal,127.664340277126
2022-12-01,Fortportal,128.9590399632652
2023-01-01,Fortportal,128.91824609288966
2023-02-01,Fortportal,128.40622765470945
2023-03-01,Fortportal,128.95070968754538
2023-04-01,Fortportal,130.7611494835732
2023-05-01,Fortportal,130.09569035366687
2023-06-01,Fortportal,129.86963535808724
2023-07-01,Fortportal,128.9527832486515
2023-08-01,Fortportal,130.7977671746423
2023-09-01,Fortportal,132.24652857714227
2023-10-01,Fortportal,134.25710125528735
2023-11-01,Fortportal,135.23529084412823
2023-12-01,Fortportal,134.3945011511848
2024-01-01,Fortportal,133.70702512711938
2024-02-01,Fortportal,135.3969182912475
2024-03-01,Fortportal,135.39821914128535
2024-04-01,Fortportal,135.1428700831626
2024-05-01,Fortportal,134.9080806362537
2024-06-01,Fortportal,134.9300216272303
2024-07-01,Fortportal,134.2609705118459
2024-08-01,Fortportal,134.9767924167157
2024-09-01,Fortportal,135.77873628774142
2024-10-01,Fortportal,136.36499203803695
2024-11-01,Fortportal,136.61371696608825
2024-12-01,Fortportal,137.9163683325589
2025-01-01,Fortportal,136.48151888297585
2025-02-01,Fortportal,138.55802378698834
2025-03-01,Fortportal,139.1175404614662
2025-04-01,Fortportal,139.35799778140822
2025-05-01,Fortportal,140.49396278547954
2025-06-01,Fortportal,140.3111523278175
2025-07-01,Fortportal,139.80304698885462
2025-08-01,Fortportal,139.89630373057022
2025-09-01,Fortportal,140.16277987399405
2025-10-01,Fortportal,140.50098198084305
2025-11-01,Fortportal,140.50209172713704
2025-12-01,Fortportal,141.22762575435627
2026-01-01,Fortportal,140.0964968571459
2026-02-01,Fortportal,141.64813597633076
2026-03-01,Fortportal,142.05422106923922
2026-04-01,Fortportal,142.5262052626904
2026-05-01,Fortportal,143.1105473088551
2026-06-01,Fortportal,143.9068024326079
2026-07-01,Fortportal,143.51916228541086
2026-08-01,Fortportal,144.37403599090965
